timestamp,domain,event,path,sha256_before,sha256_after
2026-09-04T09:54:31Z,health,NEW,archive/gov/health/national-autism-strategy-reference-group/README.md,,45a647bc6f1a6db50ff3911b18e2f306614b528862d7e320c587e6a1b012bff4
2026-09-04T09:54:31Z,health,NEW,archive/gov/health/ndis/changelog.md,,fa9933fafee3327a01541e8bfff6cc62da4b69df499c69f64e81db297fe048b6
2026-09-04T09:54:31Z,health,NEW,archive/gov/health/ndis/manifest.json,,d362705aa7a98eb28cf6592d7458b3fb1e6d4f8d1e1112be6df0c31c43fc5dc0
2026-09-04T11:28:35Z,health,MODIFIED,archive/gov/health/ndis/changelog.md,fa9933fafee3327a01541e8bfff6cc62da4b69df499c69f64e81db297fe048b6,ab45468fb8e564df00706ac14494b908bc8931068cd0543125f160a6bdb66266
2026-09-04T11:28:35Z,health,NEW,archive/gov/health/ndis/consultations/disability-and-carers-group/ndis-access-changes-consultation/consult_view/current.html,,63d03590fbb99210f238ce9c3e316ab24acd09f2b4fee20e314442e5f9d87965
2026-09-04T11:28:35Z,health,NEW,archive/gov/health/ndis/consultations/disability-and-carers-group/ndis-access-changes-consultation/consultation/current.html,,e193d951349a63362a332d52b3d2c8b9a22652e0582af8a7eb3f8759a44e5214
2026-09-04T11:28:35Z,health,NEW,archive/gov/health/ndis/consultations/disability-and-carers-group/ndis-access-changes-consultation/consultation/intro/current.html,,e193d951349a63362a332d52b3d2c8b9a22652e0582af8a7eb3f8759a44e5214
2026-09-04T11:28:35Z,health,NEW,archive/gov/health/ndis/consultations/disability-and-carers-group/ndis-access-changes-consultation/current.html,,63d03590fbb99210f238ce9c3e316ab24acd09f2b4fee20e314442e5f9d87965
2026-09-04T11:28:35Z,health,NEW,archive/gov/health/ndis/consultations/disability-and-carers-group/ndis-access-changes-consultation/user_uploads/public-consultation-paper---ndis-access-changes---easy-read---word-version.docx,,27f9ee3ad9af90c0bf4bf515deacb0682c13ae209be4ecb2fedb68d777e51f15
2026-09-04T11:28:35Z,health,NEW,archive/gov/health/ndis/consultations/disability-and-carers-group/ndis-access-changes-consultation/user_uploads/public-consultation-paper---ndis-access-changes---pdf-2.pdf,,11493bc15408d7b9de093d5c46040fcf33d05c256a86cdb409dc6735e602be79
2026-09-04T11:28:35Z,health,NEW,archive/gov/health/ndis/consultations/disability-and-carers-group/ndis-access-changes-consultation/user_uploads/public-consultation-paper---ndis-access-changes---word-1.docx,,81719d25f8849d5d398acd216364621f7d55097b7aca972b6644e5aef2e66ec6
2026-09-04T11:28:35Z,health,NEW,archive/gov/health/ndis/consultations/disability-and-carers-group/ndis-access-changes-consultation/user_uploads/public-consultation-paper---ndis-access-changes-easy-read---pdf.pdf,,27fe4259fcd89458042a96460993237eabbbe1901e00785fc3e37b843f6650f1
2026-09-04T11:28:35Z,health,NEW,archive/gov/health/ndis/consultations/disability-and-carers-group/ndis-access-changes-consultation/user_uploads/public-consultation-summary---consultation-on-access-changes---word.docx,,209b14b1a87f2c562c44932aa95e06489fd1b8157e831a104ba8cbc22b09cfa0
2026-09-04T11:28:35Z,health,NEW,archive/gov/health/ndis/consultations/disability-and-carers-group/ndis-access-changes-consultation/user_uploads/public-consultation-summary---consultation-on-ndis-access-changes-1.pdf,,85d390df75acae1ef5e4732d9411abb0888cdc553e1d72d5d01d5883ea931dd6
2026-09-04T11:28:35Z,health,NEW,archive/gov/health/ndis/consultations/disability-and-carers-group/nfp-ndis-supports/consult_view/current.html,,f4cc74191ac18becf3c65e4f429b7f29c5a6f13b0ff08fcef1142faaf0e12459
2026-09-04T11:28:35Z,health,NEW,archive/gov/health/ndis/consultations/disability-and-carers-group/nfp-ndis-supports/consultation/current.html,,d199cde99551bd871e2486436c687103ab7f5c39517fc0483861cbe53d248ca9
2026-09-04T11:28:35Z,health,NEW,archive/gov/health/ndis/consultations/disability-and-carers-group/nfp-ndis-supports/consultation/intro/current.html,,d199cde99551bd871e2486436c687103ab7f5c39517fc0483861cbe53d248ca9
2026-09-04T11:28:35Z,health,NEW,archive/gov/health/ndis/consultations/disability-and-carers-group/nfp-ndis-supports/current.html,,6256ae74769ec878ed7b61996f925855bcd28403fbfa96ef28b39f741793b5aa
2026-09-04T11:28:35Z,health,NEW,archive/gov/health/ndis/consultations/disability-and-carers-group/nfp-ndis-supports/user_uploads/consultation-paper---ndis-supports_final.docx,,ca005d452db6f36aea9949c131aa082ac5428d8729b767e016f291938845d43d
2026-09-04T11:28:35Z,health,NEW,archive/gov/health/ndis/consultations/disability-and-carers-group/nfp-ndis-supports/user_uploads/consultation-paper---ndis-supports_final.pdf,,08c92a3ae227552293064a618c9b42c3f99be17e706602bd0bc1b722b00ab8ec
2026-09-04T11:28:35Z,health,NEW,archive/gov/health/ndis/consultations/disability-and-carers-group/nfp-ndis-supports/user_uploads/consultation-paper---new-framework-planning_final-2.docx,,23de3ecf6ccb77126eed3f56d9e71218eee7553752d531c3bf65b24a662a183a
2026-09-04T11:28:35Z,health,NEW,archive/gov/health/ndis/consultations/disability-and-carers-group/nfp-ndis-supports/user_uploads/consultation-paper---new-framework-planning_final-3.pdf,,4febe0b90d40dda60cc6c5a452c7a25a9403285d34d5fae9db875fda631548fd
2026-09-04T11:28:35Z,health,NEW,archive/gov/health/ndis/consultations/disability-and-carers-group/nfp-ndis-supports/user_uploads/consultation-paper---new-framework-planning_final.pdf,,e24800bca3b442d66f43bc94c1558c6ff3845b1dc99b696223166933f71015ce
2026-09-04T11:28:35Z,health,NEW,archive/gov/health/ndis/consultations/disability-and-carers-group/nfp-ndis-supports/user_uploads/draft-participant-plan-for-new-framework-planning.docx,,c0eb7d3a92a88ec201eec2e49bb5d79ae310f4d7a0fb08a26f4af094fc7b2309
2026-09-04T11:28:35Z,health,NEW,archive/gov/health/ndis/consultations/disability-and-carers-group/nfp-ndis-supports/user_uploads/draft-participant-plan-for-new-framework-planning.pdf,,6d6d32caff751a734c471776601029deb0dbd078273dded408f0be72f042ed26
2026-09-04T11:28:35Z,health,NEW,archive/gov/health/ndis/consultations/disability-and-carers-group/nfp-ndis-supports/user_uploads/draft-support-needs-assessment-report-for-new-framework-planning-1.pdf,,91604b595473e874ec82b51861b0596cb9a30255daa078cb31f2238982171dc6
2026-09-04T11:28:35Z,health,NEW,archive/gov/health/ndis/consultations/disability-and-carers-group/nfp-ndis-supports/user_uploads/draft-support-needs-assessment-report-for-new-framework-planning-2.pdf,,42ca0d0c467f9049a81047dc8cad4da165ed807aa9b2bbad46e1c57ff1135164
2026-09-04T11:28:35Z,health,NEW,archive/gov/health/ndis/consultations/disability-and-carers-group/nfp-ndis-supports/user_uploads/draft-support-needs-assessment-report-for-new-framework-planning.docx,,27581717138dd0231665d8eb45e3d7974796d469a2aa0ff98fbbcc4187ac1259
2026-09-04T11:28:35Z,health,NEW,archive/gov/health/ndis/consultations/disability-and-carers-group/nfp-ndis-supports/user_uploads/draft-support-needs-assessment-report-for-new-framework-planning.pdf,,91604b595473e874ec82b51861b0596cb9a30255daa078cb31f2238982171dc6
2026-09-04T11:28:35Z,health,NEW,archive/gov/health/ndis/consultations/disability-and-carers-group/nfp-ndis-supports/user_uploads/ndis-new-framework-planning---ndis-supports---fact-sheet_final-1.docx,,aca3b072ecaba159e3e66044af3346c12c2f930aec343060ff6dafbf427f39ee
2026-09-04T11:28:35Z,health,NEW,archive/gov/health/ndis/consultations/disability-and-carers-group/nfp-ndis-supports/user_uploads/ndis-new-framework-planning---ndis-supports---fact-sheet_final-2.pdf,,ccf2e9bf5ac465ddeb24057a5d88e3da5165de5ef4ad43cb2e9acd938de7a027
2026-09-04T11:28:35Z,health,NEW,archive/gov/health/ndis/consultations/disability-and-carers-group/nfp-ndis-supports/user_uploads/ndis-new-framework-planning---ndis-supports---fact-sheet_final.pdf,,c3837d7b46b2127cfd175afafb100b41897bbaed888a1dc43634e6e9166711f0
2026-09-04T11:28:35Z,health,NEW,archive/gov/health/ndis/consultations/disability-and-carers-group/nfp-ndis-supports/user_uploads/ndis-new-framework-planning---plan-variations-and-reassessments---fact-sheet_final-1.docx,,a3c6ea05d6b4ad078c570147423fc2495590459293a6f07e92b5af836ab1350c
2026-09-04T11:28:35Z,health,NEW,archive/gov/health/ndis/consultations/disability-and-carers-group/nfp-ndis-supports/user_uploads/ndis-new-framework-planning---plan-variations-and-reassessments---fact-sheet_final-1.pdf,,dda003e1a115d82dd9e2cefc6321977d3679b98aee2c463226a40d84e0621553
2026-09-04T11:28:35Z,health,NEW,archive/gov/health/ndis/consultations/disability-and-carers-group/nfp-ndis-supports/user_uploads/ndis-new-framework-planning---plan-variations-and-reassessments---fact-sheet_final.pdf,,4fe331338ab44ffcbf92fcaa0f3f7e62a63ae7747e0086f261e4c9568018a6c0
2026-09-04T11:28:35Z,health,NEW,archive/gov/health/ndis/consultations/disability-and-carers-group/nfp-ndis-supports/user_uploads/ndis-new-framework-planning---support-needs-assessment---fact-sheet_final-2.docx,,eb2c599782a66ab21eb6feb90a474289ddee8cce85580a7a63ed4f89bdbbd386
2026-09-04T11:28:35Z,health,NEW,archive/gov/health/ndis/consultations/disability-and-carers-group/nfp-ndis-supports/user_uploads/ndis-new-framework-planning---support-needs-assessment---fact-sheet_final-2.pdf,,d2c99de83bfa806c535e8933d219f8757eff688219561dada39672077a6453e5
2026-09-04T11:28:35Z,health,NEW,archive/gov/health/ndis/consultations/disability-and-carers-group/nfp-ndis-supports/user_uploads/ndis-new-framework-planning---support-needs-assessment---fact-sheet_final.pdf,,c9a6de9efda729cf395d2871bbb3b1d8a782b42b5191a0068c5293f6559cc877
2026-09-04T11:28:35Z,health,NEW,archive/gov/health/ndis/consultations/disability-and-carers-group/nfp-ndis-supports/user_uploads/ndis-new-framework-planning---working-out-a-budget---fact-sheet_final-1.docx,,ef3c4a4952583f82950f6d6a5ec6c1785ade94f7c5f0c0049d8c0ceeee64cde4
2026-09-04T11:28:35Z,health,NEW,archive/gov/health/ndis/consultations/disability-and-carers-group/nfp-ndis-supports/user_uploads/ndis-new-framework-planning---working-out-a-budget---fact-sheet_final-1.pdf,,fd6dbffba238f800b269276bf25493c9388efe9bdd65e6fb111aad49bec8f32f
2026-09-04T11:28:35Z,health,NEW,archive/gov/health/ndis/consultations/disability-and-carers-group/nfp-ndis-supports/user_uploads/ndis-new-framework-planning---working-out-a-budget---fact-sheet_final.pdf,,0bea57fad1bf80413b1de4be0de800d1425c31a78346068e3fa4ec5bcbf63035
2026-09-04T11:28:35Z,health,NEW,archive/gov/health/ndis/consultations/disability-and-carers-group/nfp-ndis-supports/user_uploads/new-framework-planning---summary-paper---easy-read---words-only.docx,,187ed7496c14ed915bd3fddb11a32759a054f089ded2450c93957a17998cd64c
2026-09-04T11:28:35Z,health,NEW,archive/gov/health/ndis/consultations/disability-and-carers-group/nfp-ndis-supports/user_uploads/new-framework-planning---summary-paper---easy-read.pdf,,db7f5ddfa679705e00d4ff3b9374c8ffaa44ffe22d80b067e656fe61eb7634af
2026-09-04T11:28:35Z,health,NEW,archive/gov/health/ndis/consultations/disability-and-carers-group/nfp-ndis-supports/user_uploads/summary-paper---ndis-supports---easy-read---words-only_final.docx,,a28db69b13ab83409fff73181234d30d985513fb52b2902d970288810ff8aaeb
2026-09-04T11:28:35Z,health,NEW,archive/gov/health/ndis/consultations/disability-and-carers-group/nfp-ndis-supports/user_uploads/summary-paper---ndis-supports---easy-read_final.pdf,,c17a99c29e2e1459de77f2356ad2da8cc111058e7bcd77503095035ccc3cb564
2026-09-04T11:28:35Z,health,NEW,archive/gov/health/ndis/consultations/disability-and-carers-group/nfp-ndis-supports/user_uploads/summary-paper---ndis-supports_final.docx,,d73863d4f852ce825a5bdc35656b5df7c2d3303692582ab4eeb660894c68d4d8
2026-09-04T11:28:35Z,health,NEW,archive/gov/health/ndis/consultations/disability-and-carers-group/nfp-ndis-supports/user_uploads/summary-paper---ndis-supports_final.pdf,,3a445d8ad887902bbe0f5180b26c0b909f772a164652efb1a129ceaa219a501a
2026-09-04T11:28:35Z,health,NEW,archive/gov/health/ndis/consultations/disability-and-carers-group/nfp-ndis-supports/user_uploads/summary-paper---new-framework-planning_final.docx,,5f5a695a914458e087c1bc771da29518ece6f620f151e1653fa4a7bce1bd8cf1
2026-09-04T11:28:35Z,health,NEW,archive/gov/health/ndis/consultations/disability-and-carers-group/nfp-ndis-supports/user_uploads/summary-paper---new-framework-planning_final.pdf,,bf35d082bf901ca9acb52f8d97b3940e7a28c8c88df46738fcc4e035a1e3d022
2026-09-04T11:28:35Z,health,NEW,archive/gov/health/ndis/consultations/ndis/nfp-public-consultation/consult_view/current.html,,990bd24d5f69a9ef9acbf45315c66e28b10d51c59eeba33e6da9492e7de95fe7
2026-09-04T11:28:35Z,health,NEW,archive/gov/health/ndis/consultations/ndis/nfp-public-consultation/current.html,,76281b22f12f6d4a616c277c7e2a0abf0bec0a13da4b3be2963209f57d0a6e99
2026-09-04T11:28:35Z,health,NEW,archive/gov/health/ndis/consultations/ndis/nfp-public-consultation/user_uploads/discussion-paper-on-new-framework-planning--easy-read---pdf-.pdf,,504b43154590b3912e1425b42f40a7a0ee950302085b82d4aa4490db7b5a842a
2026-09-04T11:28:35Z,health,NEW,archive/gov/health/ndis/consultations/ndis/nfp-public-consultation/user_uploads/discussion-paper-on-new-framework-planning--text-only-easy-read---word-.docx,,6af78bdebdc9c6e0bc49e1e0b9a83218fb588ba2d1fc841d9eea64d53330e88b
2026-09-04T11:28:35Z,health,NEW,archive/gov/health/ndis/consultations/ndis/nfp-public-consultation/user_uploads/explanatory-document---new-framework-plan-spending-rules-1.docx,,d6007655a026ed175dc1cee7a3ff2fdd99932b5846b9804a4b4c54d228053221
2026-09-04T11:28:35Z,health,NEW,archive/gov/health/ndis/consultations/ndis/nfp-public-consultation/user_uploads/explanatory-document---new-framework-plan-spending-rules-1.pdf,,d480643c16998361487518d76b44460190a65a0bf5f0d5284096250c4b4fc885
2026-09-04T11:28:35Z,health,NEW,archive/gov/health/ndis/consultations/ndis/nfp-public-consultation/user_uploads/explanatory-document---notice-of-impairments.docx,,a186cc0ae92570471dd8dda7cd8487de9cc00b92e168b3ec176339453c55ed6b
2026-09-04T11:28:35Z,health,NEW,archive/gov/health/ndis/consultations/ndis/nfp-public-consultation/user_uploads/explanatory-document---notice-of-impairments.pdf,,196ef07a2912d1d6d49cdf8c47e6a5c05c8a8103aa06f42b213527440c139b94
2026-09-04T11:28:35Z,health,NEW,archive/gov/health/ndis/consultations/ndis/nfp-public-consultation/user_uploads/explanatory-document---stated-supports-1.docx,,42798a2fcbe12049e02defbda7e25993b8ceb99d0ba30484991ad990d5afd7e3
2026-09-04T11:28:35Z,health,NEW,archive/gov/health/ndis/consultations/ndis/nfp-public-consultation/user_uploads/explanatory-document---stated-supports-1.pdf,,9ee3c4fb2b5c078ec17f074f38b0a55d8918d6215b57efafed526b7c0467a0e3
2026-09-04T11:28:35Z,health,NEW,archive/gov/health/ndis/consultations/ndis/nfp-public-consultation/user_uploads/explanatory-document---transition-to-new-framework-plan-1.pdf,,63703a617a0bab4f661ef13ba409b2209614e1c9330135ac484e0335b5570e47
2026-09-04T11:28:35Z,health,NEW,archive/gov/health/ndis/consultations/ndis/nfp-public-consultation/user_uploads/explanatory-document---transition-to-new-framework-plan-2.docx,,c88ad4fa827aa35d3b9a2aab4b32e6918a1847c139ecceca9a9ec2bbd6816c89
2026-09-04T11:28:35Z,health,NEW,archive/gov/health/ndis/consultations/ndis/nfp-public-consultation/user_uploads/explanatory-document---transition-to-new-framework-plan-2.pdf,,cd96e0ef6a2af96e2ab4c87a14c6d7e9aa6b6a422cdd4827d1e88ceccda112a7
2026-09-04T11:28:35Z,health,NEW,archive/gov/health/ndis/consultations/ndis/nfp-public-consultation/user_uploads/fact-sheet---reviews-and-appeals-under-the-new-way-of-planning--1.pdf,,4c9562aabf2b153ade85fafd86a6ed9d5cc4b7231c83fb1349e8399c252499ae
2026-09-04T11:28:35Z,health,NEW,archive/gov/health/ndis/consultations/ndis/nfp-public-consultation/user_uploads/fact-sheet---reviews-and-appeals-under-the-new-way-of-planning-.docx,,6217c1aa3b5fb9864e02a7240654defcdd9dd5bcecf401b50edaf0abb9c0bfc0
2026-09-04T11:28:35Z,health,NEW,archive/gov/health/ndis/consultations/ndis/nfp-public-consultation/user_uploads/fact-sheet---step-1.-preparing-for-a-support-needs-assessment.docx,,de26633d506dd6c875969fa973acf5baca37d1e7a7b7dde56d2aeca1d71d2a0c
2026-09-04T11:28:35Z,health,NEW,archive/gov/health/ndis/consultations/ndis/nfp-public-consultation/user_uploads/fact-sheet---step-1.-preparing-for-a-support-needs-assessment.pdf,,8bf65c3ed43c66471f88cb3e4facfe42764a5253512b830efcbf4b9aefbd6462
2026-09-04T11:28:35Z,health,NEW,archive/gov/health/ndis/consultations/ndis/nfp-public-consultation/user_uploads/fact-sheet---step-2-1.-the-support-needs-assessment.pdf,,e0e95f4efd55cf5e875c20be5a45d581d8cde81282e745f4dc2793a627617eaa
2026-09-04T11:28:35Z,health,NEW,archive/gov/health/ndis/consultations/ndis/nfp-public-consultation/user_uploads/fact-sheet---step-2-2.-the-support-needs-assessment.docx,,9bdd79825a92236580ded279a024f3b9a6f507a559ad576edb23a22ec36f16b2
2026-09-04T11:28:35Z,health,NEW,archive/gov/health/ndis/consultations/ndis/nfp-public-consultation/user_uploads/fact-sheet---step-3.-building-a-plan.docx,,3ef1c8e835098a943163ba5d1a0fc6eaf9e4c97206555ef0f15f76865ba81081
2026-09-04T11:28:35Z,health,NEW,archive/gov/health/ndis/consultations/ndis/nfp-public-consultation/user_uploads/fact-sheet---step-3.-building-a-plan.pdf,,f284bd5eefdd68c1460ad05f6872a95f1ded5ff51e24273abc9e56935e40b737
2026-09-04T11:28:35Z,health,NEW,archive/gov/health/ndis/consultations/ndis/nfp-public-consultation/user_uploads/fact-sheet---step-4.-using-a-plan.docx,,957c45b1c64c7129864c9f0c4b22362ab42e8b1d1d532c72a1962cfb210e9c4a
2026-09-04T11:28:35Z,health,NEW,archive/gov/health/ndis/consultations/ndis/nfp-public-consultation/user_uploads/fact-sheet---step-4.-using-a-plan.pdf,,b7b35d6ab7c03f26c8b1fc64d1d98fe406e9fa984dac723d3a624ca83a089f17
2026-09-04T11:28:35Z,health,NEW,archive/gov/health/ndis/consultations/ndis/nfp-public-consultation/user_uploads/ndis-new-framework-planning-what-we-heard-summary-report.docx,,a53584daeaf91574a0b93297d1b2dd49ae5c60ef071a3a6b3d6a33ad33a23cc2
2026-09-04T11:28:35Z,health,NEW,archive/gov/health/ndis/consultations/ndis/nfp-public-consultation/user_uploads/ndis-new-framework-planning-what-we-heard-summary-report.pdf,,137a33c799f851e93914dcb76bfa4aa27e6eaddcc9ce961e47c05d13e5aeef60
2026-09-04T11:28:35Z,health,NEW,archive/gov/health/ndis/consultations/ndis/nfp-public-consultation/user_uploads/ndis-rules---public-consultation-on-new-framework-planning---what-we-heard---full-report---final.docx,,50292aa48d8ecdebe1bad699dfcbe9445214cb3b2714fc145e79646b3e90d922
2026-09-04T11:28:35Z,health,NEW,archive/gov/health/ndis/consultations/ndis/nfp-public-consultation/user_uploads/ndis-rules---public-consultation-on-new-framework-planning---what-we-heard---full-report---final.pdf,,be15e0b81508f4b087132d9becbf4d86fd5da21651836f96a4418804bbe04ea8
2026-09-04T11:28:35Z,health,NEW,archive/gov/health/ndis/consultations/ndis/nfp-public-consultation/user_uploads/ndis-rules---public-consultation-on-new-framework-planning---what-we-heard---summary---final.docx,,37b7d3c2fce0869af3df362d1de44728f363f7e4fe63b8ff57e1253b0ff6b5c8
2026-09-04T11:28:35Z,health,NEW,archive/gov/health/ndis/consultations/ndis/nfp-public-consultation/user_uploads/ndis-rules---public-consultation-on-new-framework-planning---what-we-heard---summary---final.pdf,,fa73d35637d6f9ead4cd145f80fbb395329cc6c993cc51fbb67977f259ccf4a1
2026-09-04T11:28:35Z,health,NEW,archive/gov/health/ndis/consultations/ndis/nfp-public-consultation/user_uploads/nfp-consultation-report-easy-read---v0-3.6.docx,,9a74e3518f5de65de5dc62c00afe8083f39638969e00f7008fb3aa3e21636fdc
2026-09-04T11:28:35Z,health,NEW,archive/gov/health/ndis/consultations/ndis/nfp-public-consultation/user_uploads/public-consultation-on-nfp---discussion-paper-1.pdf,,8675aa7926a9d405e8e7724d1f1676db616c903f51ed59086213b7f4c5b7b86e
2026-09-04T11:28:35Z,health,NEW,archive/gov/health/ndis/consultations/ndis/nfp-public-consultation/user_uploads/public-consultation-on-nfp---discussion-paper-5.docx,,f550870e0665f51c1324162389a6bbbc9f0e815ca557ffe07f7c43555b36f940
2026-09-04T11:28:35Z,health,MODIFIED,archive/gov/health/ndis/manifest.json,d362705aa7a98eb28cf6592d7458b3fb1e6d4f8d1e1112be6df0c31c43fc5dc0,726beebfb00fd85640f9c432d0e29c921c09c6ead59134e6f28cd73dc9559df0
2026-09-04T18:36:14Z,health,MODIFIED,archive/gov/health/ndis/changelog.md,ab45468fb8e564df00706ac14494b908bc8931068cd0543125f160a6bdb66266,4856fc4a91aa2eaf6a8213b3376723dde86fb4d482fd9429d0c280de3777194e
2026-09-04T18:36:14Z,health,MODIFIED,archive/gov/health/ndis/consultations/disability-and-carers-group/nfp-ndis-supports/consult_view/current.html,f4cc74191ac18becf3c65e4f429b7f29c5a6f13b0ff08fcef1142faaf0e12459,bdc5a9a7ee98ca56df35c957a12da51b0492c66db8af45759083ebaf17dc1f09
2026-09-04T18:36:14Z,health,MODIFIED,archive/gov/health/ndis/consultations/disability-and-carers-group/nfp-ndis-supports/current.html,6256ae74769ec878ed7b61996f925855bcd28403fbfa96ef28b39f741793b5aa,177accdd6863e0b227ba4cb9e460d154d146828cd458a9256e7c8b6e82524682
2026-09-04T18:36:14Z,health,MODIFIED,archive/gov/health/ndis/consultations/ndis/nfp-public-consultation/consult_view/current.html,990bd24d5f69a9ef9acbf45315c66e28b10d51c59eeba33e6da9492e7de95fe7,d097a31261fce84844771e04096b131ca4d5f1db7c61c493fb37df406c624c26
2026-09-04T18:36:14Z,health,MODIFIED,archive/gov/health/ndis/consultations/ndis/nfp-public-consultation/current.html,76281b22f12f6d4a616c277c7e2a0abf0bec0a13da4b3be2963209f57d0a6e99,24efa63368fc99090885d9b202bc3a028309a2bf5f2bea18e7a7eb06955dc9c9
2026-09-04T18:36:14Z,health,MODIFIED,archive/gov/health/ndis/manifest.json,726beebfb00fd85640f9c432d0e29c921c09c6ead59134e6f28cd73dc9559df0,6f164a6ff5c1808bfd98a31d4150a53ada693e746fb03e902fdd942f755189d9
2026-09-05T18:36:20Z,health,MODIFIED,archive/gov/health/ndis/changelog.md,4856fc4a91aa2eaf6a8213b3376723dde86fb4d482fd9429d0c280de3777194e,1f28850bc35996e8e32bcaa9332a1256f3a4f19d37e47cd8a9c8fd2e4f334156
2026-09-05T18:36:20Z,health,MODIFIED,archive/gov/health/ndis/consultations/disability-and-carers-group/nfp-ndis-supports/consult_view/current.html,bdc5a9a7ee98ca56df35c957a12da51b0492c66db8af45759083ebaf17dc1f09,f1e305b8732303d2436c587304b8f31e98ce5d5fe9c23c932425f97cfe5e4e4d
2026-09-05T18:36:20Z,health,MODIFIED,archive/gov/health/ndis/consultations/disability-and-carers-group/nfp-ndis-supports/current.html,177accdd6863e0b227ba4cb9e460d154d146828cd458a9256e7c8b6e82524682,96a598b837acfcccd20242fe9f349e4239aa49e4bfaa56b4eb636ff28bb02725
2026-09-05T18:36:20Z,health,MODIFIED,archive/gov/health/ndis/consultations/ndis/nfp-public-consultation/consult_view/current.html,d097a31261fce84844771e04096b131ca4d5f1db7c61c493fb37df406c624c26,55371bcacbaabb032f1c1d8670c3741a255f6e3f9cccc5348384194cd86d8814
2026-09-05T18:36:20Z,health,MODIFIED,archive/gov/health/ndis/consultations/ndis/nfp-public-consultation/current.html,24efa63368fc99090885d9b202bc3a028309a2bf5f2bea18e7a7eb06955dc9c9,f24653d08f21d2bc0bb8b6fab0339672475e3787a5bcd71f02bda2f21891b6de
2026-09-05T18:36:20Z,health,MODIFIED,archive/gov/health/ndis/manifest.json,6f164a6ff5c1808bfd98a31d4150a53ada693e746fb03e902fdd942f755189d9,bf275d511f7dc92875c98e99cd512a915dcbef8114f30ab195ec5d9308dcd19b
2026-09-06T18:35:40Z,health,MODIFIED,archive/gov/health/ndis/changelog.md,1f28850bc35996e8e32bcaa9332a1256f3a4f19d37e47cd8a9c8fd2e4f334156,8b01b9e5734686784902574aa7a7033bbda42b959bc2c9399fabb462cbb5f0be
2026-09-06T18:35:40Z,health,MODIFIED,archive/gov/health/ndis/consultations/disability-and-carers-group/nfp-ndis-supports/consult_view/current.html,f1e305b8732303d2436c587304b8f31e98ce5d5fe9c23c932425f97cfe5e4e4d,ab2a95767ed8c1c7f55a0018906a0227fe8e657b90286bae64ebae22ea28b986
2026-09-06T18:35:40Z,health,MODIFIED,archive/gov/health/ndis/consultations/disability-and-carers-group/nfp-ndis-supports/current.html,96a598b837acfcccd20242fe9f349e4239aa49e4bfaa56b4eb636ff28bb02725,915fc4d66dac443960206205d729429a680740b07db13787107ce7e1f0fcb173
2026-09-06T18:35:40Z,health,MODIFIED,archive/gov/health/ndis/consultations/ndis/nfp-public-consultation/consult_view/current.html,55371bcacbaabb032f1c1d8670c3741a255f6e3f9cccc5348384194cd86d8814,4b48521a84aa6d89a0f6d2b1f32728d0014c3007cf6afffa0d53535f0c853b2a
2026-09-06T18:35:40Z,health,MODIFIED,archive/gov/health/ndis/consultations/ndis/nfp-public-consultation/current.html,f24653d08f21d2bc0bb8b6fab0339672475e3787a5bcd71f02bda2f21891b6de,a04e45131ce4b532a67a4b02db61ebae86136faaf71c12b0c02075c7c361d7c8
2026-09-06T18:35:40Z,health,MODIFIED,archive/gov/health/ndis/manifest.json,bf275d511f7dc92875c98e99cd512a915dcbef8114f30ab195ec5d9308dcd19b,60eea7db060905a246f069d710b32d2af515841f8c09594f3fcbdfac27d45ffa
2026-09-07T18:38:18Z,health,MODIFIED,archive/gov/health/ndis/changelog.md,8b01b9e5734686784902574aa7a7033bbda42b959bc2c9399fabb462cbb5f0be,86295563fd2adcc469baaee0e6f26c3f4af3cbe3894dd6f5c7186dba408c6bca
2026-09-07T18:38:18Z,health,MODIFIED,archive/gov/health/ndis/consultations/disability-and-carers-group/nfp-ndis-supports/consult_view/current.html,ab2a95767ed8c1c7f55a0018906a0227fe8e657b90286bae64ebae22ea28b986,097e56e4a46a976d42b48fb12fb2a5a73347af4ca4eda52bf04c664fbf6779e7
2026-09-07T18:38:18Z,health,MODIFIED,archive/gov/health/ndis/consultations/disability-and-carers-group/nfp-ndis-supports/current.html,915fc4d66dac443960206205d729429a680740b07db13787107ce7e1f0fcb173,f713f01fe529af7d7a8a6526f3e2912327f2c9c786929a272b9503ace69ce9db
2026-09-07T18:38:18Z,health,MODIFIED,archive/gov/health/ndis/consultations/ndis/nfp-public-consultation/consult_view/current.html,4b48521a84aa6d89a0f6d2b1f32728d0014c3007cf6afffa0d53535f0c853b2a,aea82b65f01bf48a68888f11cca08774adf286b079c81fa7a7a526f613cd6e68
2026-09-07T18:38:18Z,health,MODIFIED,archive/gov/health/ndis/consultations/ndis/nfp-public-consultation/current.html,a04e45131ce4b532a67a4b02db61ebae86136faaf71c12b0c02075c7c361d7c8,c81e90779c9a49625d53a460d56e4f6fec548163b923af6003b7bf24c5c72072
2026-09-07T18:38:18Z,health,MODIFIED,archive/gov/health/ndis/manifest.json,60eea7db060905a246f069d710b32d2af515841f8c09594f3fcbdfac27d45ffa,494427b46840afe7e9cbc5f03a0e7ca6a1c9c77fef33008bb1465b6a78f0c794
2026-09-08T18:39:54Z,health,MODIFIED,archive/gov/health/ndis/changelog.md,86295563fd2adcc469baaee0e6f26c3f4af3cbe3894dd6f5c7186dba408c6bca,cb015e75af38a068c46a56afa39931327e87cee561bd1871ca319b258b4866b4
2026-09-08T18:39:54Z,health,MODIFIED,archive/gov/health/ndis/consultations/disability-and-carers-group/nfp-ndis-supports/consult_view/current.html,097e56e4a46a976d42b48fb12fb2a5a73347af4ca4eda52bf04c664fbf6779e7,e9c5f3a996e7baf89a0184d1d93300a975bd6f743e2f6a4119486fe2bff24aa0
2026-09-08T18:39:54Z,health,MODIFIED,archive/gov/health/ndis/consultations/disability-and-carers-group/nfp-ndis-supports/current.html,f713f01fe529af7d7a8a6526f3e2912327f2c9c786929a272b9503ace69ce9db,942685d5fdb7c1651288c35381d82e288924a9234824d566d518d59f79150a5f
2026-09-08T18:39:54Z,health,MODIFIED,archive/gov/health/ndis/consultations/ndis/nfp-public-consultation/consult_view/current.html,aea82b65f01bf48a68888f11cca08774adf286b079c81fa7a7a526f613cd6e68,1632ecb8fcda09a54ff3ae071391e2d907b0079ff3b754c2c87ad8ee44b393a9
2026-09-08T18:39:54Z,health,MODIFIED,archive/gov/health/ndis/consultations/ndis/nfp-public-consultation/current.html,c81e90779c9a49625d53a460d56e4f6fec548163b923af6003b7bf24c5c72072,d592605095bfc70f5e13abf1d437d6c093058ba3803bd483c9e8d922b5ec87a9
2026-09-08T18:39:54Z,health,MODIFIED,archive/gov/health/ndis/manifest.json,494427b46840afe7e9cbc5f03a0e7ca6a1c9c77fef33008bb1465b6a78f0c794,a0755d8e270d491cf906f084e4e3d2d174177abddae05cee4cb2b04528fdcb13
2026-09-09T18:39:53Z,health,MODIFIED,archive/gov/health/ndis/changelog.md,cb015e75af38a068c46a56afa39931327e87cee561bd1871ca319b258b4866b4,e58c7e154bdb88cdeaa4fe1cb3877b89ed5db3fa78831ed7589ec7ff3c7edab8
2026-09-09T18:39:53Z,health,MODIFIED,archive/gov/health/ndis/consultations/disability-and-carers-group/nfp-ndis-supports/consult_view/current.html,e9c5f3a996e7baf89a0184d1d93300a975bd6f743e2f6a4119486fe2bff24aa0,4bd1b8596acf6150acb23f4f412f392330e6b0e257459ff9516666f253f470d2
2026-09-09T18:39:53Z,health,MODIFIED,archive/gov/health/ndis/consultations/disability-and-carers-group/nfp-ndis-supports/current.html,942685d5fdb7c1651288c35381d82e288924a9234824d566d518d59f79150a5f,6fcac1c075d9104973fa966307c7c073f8dceb8bef87e3ceb726e31aa5c4c7ce
2026-09-09T18:39:53Z,health,MODIFIED,archive/gov/health/ndis/consultations/ndis/nfp-public-consultation/consult_view/current.html,1632ecb8fcda09a54ff3ae071391e2d907b0079ff3b754c2c87ad8ee44b393a9,af1fd13556dae6389fcbc11ef9b81099d26f442e3132ce37665f0de2ae5554a8
2026-09-09T18:39:53Z,health,MODIFIED,archive/gov/health/ndis/consultations/ndis/nfp-public-consultation/current.html,d592605095bfc70f5e13abf1d437d6c093058ba3803bd483c9e8d922b5ec87a9,52bc917ef2a17d1279d96db9482fd76b36819e2d9a72084a5a8272549c3e3ddf
2026-09-09T18:39:53Z,health,MODIFIED,archive/gov/health/ndis/manifest.json,a0755d8e270d491cf906f084e4e3d2d174177abddae05cee4cb2b04528fdcb13,72ee2ae10ad9ce05fd9ac981166c93c89e9794fe39c5622232329894a6c567a4
2026-09-09T21:48:29Z,health,MODIFIED,archive/gov/health/ndis/changelog.md,e58c7e154bdb88cdeaa4fe1cb3877b89ed5db3fa78831ed7589ec7ff3c7edab8,689e06a0400c322f980fbf04ee001518cbefa824bd83e2e820fc79a966eee959
2026-09-09T21:48:29Z,health,MODIFIED,archive/gov/health/ndis/consultations/disability-and-carers-group/nfp-ndis-supports/consult_view/current.html,4bd1b8596acf6150acb23f4f412f392330e6b0e257459ff9516666f253f470d2,e05630509ea511798ba5bb55a26e441dd857c5f33576b6041c0d4d7b11fa1cac
2026-09-09T21:48:29Z,health,MODIFIED,archive/gov/health/ndis/consultations/disability-and-carers-group/nfp-ndis-supports/current.html,6fcac1c075d9104973fa966307c7c073f8dceb8bef87e3ceb726e31aa5c4c7ce,390546ce6aa22db365f38dc63443722e673574554e94dc90363efda8ea32c5c0
2026-09-09T21:48:29Z,health,MODIFIED,archive/gov/health/ndis/consultations/ndis/nfp-public-consultation/consult_view/current.html,af1fd13556dae6389fcbc11ef9b81099d26f442e3132ce37665f0de2ae5554a8,e7ed9976c791831b954a2586f984d642505907fb0a99614ee09d30575f1ebbed
2026-09-09T21:48:29Z,health,MODIFIED,archive/gov/health/ndis/consultations/ndis/nfp-public-consultation/current.html,52bc917ef2a17d1279d96db9482fd76b36819e2d9a72084a5a8272549c3e3ddf,d59629d863343d2003905bde9cd2a8d3b2dc4f91091a5643799e838d37d56a35
2026-09-09T21:48:29Z,health,MODIFIED,archive/gov/health/ndis/manifest.json,72ee2ae10ad9ce05fd9ac981166c93c89e9794fe39c5622232329894a6c567a4,1bb2f32ff1bb9e441301002304f3a2866c6e191a83d3cfbee87b2298d98d48eb
2026-09-10T07:09:26Z,health,MODIFIED,archive/gov/health/ndis/changelog.md,689e06a0400c322f980fbf04ee001518cbefa824bd83e2e820fc79a966eee959,7be3ccadff0ff2c89d0e730c015cf84b68e8bdddbc46a853fc06c2fc0b1b0c10
2026-09-10T07:09:26Z,health,MODIFIED,archive/gov/health/ndis/consultations/disability-and-carers-group/nfp-ndis-supports/consult_view/current.html,e05630509ea511798ba5bb55a26e441dd857c5f33576b6041c0d4d7b11fa1cac,ea74cc37f3b46efc365cb43570866d718806f50bee62b66d66dcce9235758963
2026-09-10T07:09:26Z,health,MODIFIED,archive/gov/health/ndis/consultations/disability-and-carers-group/nfp-ndis-supports/current.html,390546ce6aa22db365f38dc63443722e673574554e94dc90363efda8ea32c5c0,8356e6aea2929d1676d4049cee4057d9181944bd07edfcd7ec310e65495553a9
2026-09-10T07:09:26Z,health,MODIFIED,archive/gov/health/ndis/consultations/ndis/nfp-public-consultation/consult_view/current.html,e7ed9976c791831b954a2586f984d642505907fb0a99614ee09d30575f1ebbed,1e0af9ddf3e9eab3782f62c435a37b135291051f40cb57258c582be85c3969f5
2026-09-10T07:09:26Z,health,MODIFIED,archive/gov/health/ndis/consultations/ndis/nfp-public-consultation/current.html,d59629d863343d2003905bde9cd2a8d3b2dc4f91091a5643799e838d37d56a35,86d00e5908152401b0787974f77385df43001470429cc26ca44b5c75ba0fa355
2026-09-10T07:09:26Z,health,MODIFIED,archive/gov/health/ndis/manifest.json,1bb2f32ff1bb9e441301002304f3a2866c6e191a83d3cfbee87b2298d98d48eb,4d48ac753814a3a7024422eb12f3f87f7997b53fb7c90ec11e575f6aa823fab9
2026-09-10T18:39:06Z,health,MODIFIED,archive/gov/health/ndis/changelog.md,7be3ccadff0ff2c89d0e730c015cf84b68e8bdddbc46a853fc06c2fc0b1b0c10,5e5320b8d98876d2ee2a610be2a5d29815df91562112c0ec826565021129f905
2026-09-10T18:39:06Z,health,MODIFIED,archive/gov/health/ndis/consultations/disability-and-carers-group/nfp-ndis-supports/consult_view/current.html,ea74cc37f3b46efc365cb43570866d718806f50bee62b66d66dcce9235758963,2d5ceb6d15213b5317eff8c866020c7cdabd58dfd13cccdd5749ceaf60a1eac5
2026-09-10T18:39:06Z,health,MODIFIED,archive/gov/health/ndis/consultations/disability-and-carers-group/nfp-ndis-supports/current.html,8356e6aea2929d1676d4049cee4057d9181944bd07edfcd7ec310e65495553a9,a6cfcd5ee9fe86b229cd83803821d07481f80c06cf589f9a794c5428399e69f0
2026-09-10T18:39:06Z,health,MODIFIED,archive/gov/health/ndis/consultations/ndis/nfp-public-consultation/consult_view/current.html,1e0af9ddf3e9eab3782f62c435a37b135291051f40cb57258c582be85c3969f5,8da61397e16cf55e4b2faee72ef6bfe07bbc3e3007ae05b9d1d3c2aa33a99581
2026-09-10T18:39:06Z,health,MODIFIED,archive/gov/health/ndis/consultations/ndis/nfp-public-consultation/current.html,86d00e5908152401b0787974f77385df43001470429cc26ca44b5c75ba0fa355,c2b5589bc1e2fb70ebe27b732d664dfb14918f22890170695a60abe90dce37d7
2026-09-10T18:39:06Z,health,MODIFIED,archive/gov/health/ndis/manifest.json,4d48ac753814a3a7024422eb12f3f87f7997b53fb7c90ec11e575f6aa823fab9,9141f4e8c2289feaa9295f0aa59d6e54b23ea6abb2c1441f2c29f53b863c698a
2026-09-11T18:40:01Z,health,MODIFIED,archive/gov/health/ndis/changelog.md,5e5320b8d98876d2ee2a610be2a5d29815df91562112c0ec826565021129f905,3f4a7323937dd13158f200fab2e7bc1b6b26387d2830c78f1b357f8946ac9c1e
2026-09-11T18:40:01Z,health,MODIFIED,archive/gov/health/ndis/consultations/disability-and-carers-group/nfp-ndis-supports/consult_view/current.html,2d5ceb6d15213b5317eff8c866020c7cdabd58dfd13cccdd5749ceaf60a1eac5,b1299a5d73a88f2d4c94d47ea519b26ea584038e75e93230d084ff8075682572
2026-09-11T18:40:01Z,health,MODIFIED,archive/gov/health/ndis/consultations/disability-and-carers-group/nfp-ndis-supports/current.html,a6cfcd5ee9fe86b229cd83803821d07481f80c06cf589f9a794c5428399e69f0,58cf4c173b368420be2c5cc41c484445b319dbd3c3490d9ee9baeebba7b78383
2026-09-11T18:40:01Z,health,MODIFIED,archive/gov/health/ndis/consultations/ndis/nfp-public-consultation/consult_view/current.html,8da61397e16cf55e4b2faee72ef6bfe07bbc3e3007ae05b9d1d3c2aa33a99581,998cefed484795d8961047f898f693e6772308c036a03c3be5e915fceb8efc68
2026-09-11T18:40:01Z,health,MODIFIED,archive/gov/health/ndis/consultations/ndis/nfp-public-consultation/current.html,c2b5589bc1e2fb70ebe27b732d664dfb14918f22890170695a60abe90dce37d7,e8c39ef0ffe65c1d69a078565ff360f46cc50da2fd445a484e21ca17a2c3505e
2026-09-11T18:40:01Z,health,MODIFIED,archive/gov/health/ndis/manifest.json,9141f4e8c2289feaa9295f0aa59d6e54b23ea6abb2c1441f2c29f53b863c698a,cbd78d47c7ba93064457d039c4ff59b73ff880b5ffdf7993ded265c03d78c24f
