url,title,archive_path,sha256,first_seen,last_checked,status,discovered_from
https://www.vic.gov.au/STEM-in-early-childhood,STEM in early childhood | vic.gov.au,archive/gov/vic-gov/pages/STEM-in-early-childhood/current.html,f147fa10277753f19bc49e6b336e618aa0a0424e842732dac2cb6ba16bed5132,2026-09-04T10:38:30Z,2026-10-08T07:31:02Z,active,sitemap/link
https://www.vic.gov.au/about-thriving-kids,About Thriving Kids | vic.gov.au,archive/gov/vic-gov/pages/about-thriving-kids/current.html,41096847eb6959966dfc68045cedf10da364d71bea3dde7f38008445bc59c60c,2026-10-02T00:11:56Z,2026-10-08T07:31:02Z,active,sitemap/link
https://www.vic.gov.au/best-start-best-life-transforming-early-childhood-education-together,"Best Start, Best Life: Transforming early childhood education together | vic.gov.au",archive/gov/vic-gov/pages/best-start-best-life-transforming-early-childhood-education-together/current.html,af4251b78fc8d753dff771c8ca848168b5bad09ce1d7df5ad524155a66c5e989,2026-09-04T10:38:30Z,2026-10-08T07:31:02Z,active,sitemap/link
https://www.vic.gov.au/best-start-best-life-transforming-early-childhood-education-together/acknowledgement-country,Acknowledgement of Country | vic.gov.au,archive/gov/vic-gov/pages/best-start-best-life-transforming-early-childhood-education-together/acknowledgement-country/current.html,a322360cf1cc2befe477092c9034d989406579119fedc2874a79f2dad071ae48,2026-09-04T10:38:30Z,2026-10-08T07:31:02Z,active,sitemap/link
https://www.vic.gov.au/best-start-best-life-transforming-early-childhood-education-together/best-start-best-life,Implementation | vic.gov.au,archive/gov/vic-gov/pages/best-start-best-life-transforming-early-childhood-education-together/best-start-best-life/current.html,85008b24d99cd03b91d36f3e1057b4863ad7290356a81178de6f5fdf80202a31,2026-09-04T10:38:30Z,2026-10-08T07:31:02Z,active,sitemap/link
https://www.vic.gov.au/best-start-best-life-transforming-early-childhood-education-together/best-start-best-life-early,Early learning for all children | vic.gov.au,archive/gov/vic-gov/pages/best-start-best-life-transforming-early-childhood-education-together/best-start-best-life-early/current.html,390fd7600f2b1a7f2b18d6e2f72de94189bb75db835b54ebbd61ed5e8590c015,2026-09-04T10:38:30Z,2026-10-08T07:31:02Z,active,sitemap/link
https://www.vic.gov.au/best-start-best-life-transforming-early-childhood-education-together/best-start-best-life-reform,Reform rollout | vic.gov.au,archive/gov/vic-gov/pages/best-start-best-life-transforming-early-childhood-education-together/best-start-best-life-reform/current.html,17026eb9983aaded445c45a7e948802ae4d942f75d1f5b96b9844dfaf6f7b296,2026-09-04T10:38:30Z,2026-10-08T07:31:02Z,active,sitemap/link
https://www.vic.gov.au/best-start-best-life-transforming-early-childhood-education-together/ministers-message,Minister’s message | vic.gov.au,archive/gov/vic-gov/pages/best-start-best-life-transforming-early-childhood-education-together/ministers-message/current.html,9436658cd86293754b29827291f48ac0ac78d77f34b28c47d35ad5c8be4b9230,2026-09-04T10:38:30Z,2026-10-08T07:31:02Z,active,sitemap/link
https://www.vic.gov.au/best-start-best-life-transforming-early-childhood-education-together/next-steps,Next steps | vic.gov.au,archive/gov/vic-gov/pages/best-start-best-life-transforming-early-childhood-education-together/next-steps/current.html,dc312b1698759b1bee444fd8f25b72f83f83a46b8ebd78984e05ff151a9b8db5,2026-09-04T10:38:30Z,2026-10-08T07:31:02Z,active,sitemap/link
https://www.vic.gov.au/best-start-best-life-transforming-early-childhood-education-together/premiers-message,Premier’s message | vic.gov.au,archive/gov/vic-gov/pages/best-start-best-life-transforming-early-childhood-education-together/premiers-message/current.html,78e3e20ee5e1ddafd140030d29e5f7832e6d02e42fb7bfde7f3da76c08c38365,2026-09-04T10:38:30Z,2026-10-08T07:31:02Z,active,sitemap/link
https://www.vic.gov.au/best-start-best-life-transforming-early-childhood-education-together/why-play-based-learning,Why play-based learning? | vic.gov.au,archive/gov/vic-gov/pages/best-start-best-life-transforming-early-childhood-education-together/why-play-based-learning/current.html,0ee847ed8cee518fd7e68556e38d036b129bff3fda937918c8b667f80f55c501,2026-09-04T10:38:30Z,2026-10-08T07:31:02Z,active,sitemap/link
https://www.vic.gov.au/best-start-best-life-transforming-early-childhood-education-together/why-two-years-and-more-time,Why 2 years and more time? | vic.gov.au,archive/gov/vic-gov/pages/best-start-best-life-transforming-early-childhood-education-together/why-two-years-and-more-time/current.html,9451da2fc4ea2eb330ea551934b5b1ec9a06068fa5434208a4a1b4eb1249f82a,2026-09-04T10:38:30Z,2026-10-08T07:31:02Z,active,sitemap/link
https://www.vic.gov.au/building-blocks-kindergarten-infrastructure-strategy/early-childhood-infrastructure-streams,Early childhood infrastructure streams | vic.gov.au,archive/gov/vic-gov/pages/building-blocks-kindergarten-infrastructure-strategy/early-childhood-infrastructure-streams/current.html,da3cf320989d658e38ccc970aaa673f1642ab32398f7ee05bae7a6af92eb718a,2026-09-04T10:38:30Z,2026-10-08T07:31:02Z,active,sitemap/link
https://www.vic.gov.au/career-opportunities-early-childhood-education-Oromo,Carraa Hojii Bakka Eegala Barmoota Ijoollummaa (Career Opportunities in Early Childhood Education) - Afaan Oromoo (Oromo) | vic.gov.au,archive/gov/vic-gov/pages/career-opportunities-early-childhood-education-Oromo/current.html,e4ed14716176570e8196127d533ee425ad5879022861a3b3855a6c72f38da6ab,2026-09-04T10:38:30Z,2026-10-08T07:31:02Z,active,sitemap/link
https://www.vic.gov.au/career-opportunities-early-childhood-education-amharic,በቅድመ ልጅነት ትምህርት ውስጥ የሙያ (የሥራ) እድሎች (Career Opportunities in Early Childhood Education) - አማርኛ (Amharic) | vic.gov.au,archive/gov/vic-gov/pages/career-opportunities-early-childhood-education-amharic/current.html,30a4bb09be61f0b3ae9f3969348de4c9e55619249eaa84e86b684e3f10fed1f5,2026-09-04T10:38:30Z,2026-10-08T07:31:02Z,active,sitemap/link
https://www.vic.gov.au/career-opportunities-early-childhood-education-arabic,فرص وظيفية في تعليم الطفولة المبكرة (Career Opportunities in Early Childhood Education) - العربية (Arabic) | vic.gov.au,archive/gov/vic-gov/pages/career-opportunities-early-childhood-education-arabic/current.html,2ac371f03d1f9ae6689b74f3e7a0fee271a9f236b7b7985fe8e9852dce1c4560,2026-09-04T10:38:30Z,2026-10-08T07:31:02Z,active,sitemap/link
https://www.vic.gov.au/career-opportunities-early-childhood-education-assyrian,ܦܘܼܖ̈ܣܲܬܹܐ ܕܦܘܼܠܚܵܢܵܐ ܓܵܘ ܚܲܩܠܵܐ ܕܝܘܼܠܦܵܢܵܐ ܕܫܲܒ݂ܪܘܼܬܵܐ ܒܟ݂ܝܼܪܵܝܬܵܐ (Career Opportunities in Early Childhood Education) - ܐܵܬܘܿܪܵܝܵܐ (Assyrian) | vic.gov.au,archive/gov/vic-gov/pages/career-opportunities-early-childhood-education-assyrian/current.html,5a2178b2ff2a463f7984ad682fac82dc7454afc47492fc287028a3245ab8ce51,2026-09-04T10:38:30Z,2026-10-08T07:31:02Z,active,sitemap/link
https://www.vic.gov.au/career-opportunities-early-childhood-education-burmese,မူကြိုပညာရေးတွင် အလုပ်အကိုင်အခွင့်အလမ်းများ (Career Opportunities in Early Childhood Education) - မြန်မာ (Burmese) | vic.gov.au,archive/gov/vic-gov/pages/career-opportunities-early-childhood-education-burmese/current.html,9764fc693d763b88de2c200aa62805f643b8763086083077c0b1897780326f1e,2026-09-04T10:38:30Z,2026-10-08T07:31:02Z,active,sitemap/link
https://www.vic.gov.au/career-opportunities-early-childhood-education-dari,فرصت های شغلی در آموزش اوایل طفولیت (Career Opportunities in Early Childhood Education) - دری (Dari) | vic.gov.au,archive/gov/vic-gov/pages/career-opportunities-early-childhood-education-dari/current.html,530e1a31318db6c0abed150f543f475fff1642b47a3e9677eff6772aa1991b33,2026-09-04T10:38:30Z,2026-10-08T07:31:02Z,active,sitemap/link
https://www.vic.gov.au/career-opportunities-early-childhood-education-dinka,Loilooi në ɣän ke piööc de mïth yiic (Career Opportunities in Early Childhood Education) - Thuɔŋjäŋ (Dinka) | vic.gov.au,archive/gov/vic-gov/pages/career-opportunities-early-childhood-education-dinka/current.html,2f120f034e0b57ae01558521d9b793fc90ec93af27d67180bdedcce925266809,2026-09-04T10:38:30Z,2026-10-08T07:31:02Z,active,sitemap/link
https://www.vic.gov.au/career-opportunities-early-childhood-education-farsi,فرصت های شغلی در آموزش دوران اولیه کودکی (Career Opportunities in Early Childhood Education) - فارسی (Farsi) | vic.gov.au,archive/gov/vic-gov/pages/career-opportunities-early-childhood-education-farsi/current.html,0fecc3908e0126938a42869a08a1c6dbd53ff4c959e2df6c214a6e5df9142481,2026-09-04T10:38:30Z,2026-10-08T07:31:02Z,active,sitemap/link
https://www.vic.gov.au/career-opportunities-early-childhood-education-filipino,Mga oportunidad sa karera sa edukasyon sa maagang pagkabata (Career Opportunities in Early Childhood Education) - Filipino | vic.gov.au,archive/gov/vic-gov/pages/career-opportunities-early-childhood-education-filipino/current.html,b03ef61aca4c457b45e8fde57c1c59ad8165ea0683f0027dfc9fa86e869e3b29,2026-09-04T10:38:30Z,2026-10-08T07:31:02Z,active,sitemap/link
https://www.vic.gov.au/career-opportunities-early-childhood-education-gujarati,પ્રારંભિક બાળપણના શિક્ષણમાં કારકિર્દીની તકો (Career Opportunities in Early Childhood Education) - ગુજરાતી (Gujarati) | vic.gov.au,archive/gov/vic-gov/pages/career-opportunities-early-childhood-education-gujarati/current.html,722bb8ec370cbfdd957fefba1507f57941dc5f8ae0fdff651e0860e46d8e68da,2026-09-04T10:38:30Z,2026-10-08T07:31:02Z,active,sitemap/link
https://www.vic.gov.au/career-opportunities-early-childhood-education-hakha-chin,Ngakchia fimcawnnak ah riantuannak caantha (Career Opportunities in Early Childhood Education) - Laiholh (Hakha Chin) | vic.gov.au,archive/gov/vic-gov/pages/career-opportunities-early-childhood-education-hakha-chin/current.html,b98cb3e7dd3eaa1ebfa2b21f574b605fc2e90c1dd3e611ea8521d7a07300a8dc,2026-09-04T10:38:30Z,2026-10-08T07:31:02Z,active,sitemap/link
https://www.vic.gov.au/career-opportunities-early-childhood-education-hazaragi,فرصت شغلی د اوایل تحصیل کودکان (Career Opportunities in Early Childhood Education) - هزارگی (Hazaragi) | vic.gov.au,archive/gov/vic-gov/pages/career-opportunities-early-childhood-education-hazaragi/current.html,aea87a2a6a98c6e99e8ea8e5c15d3cd678b9dff7ac3a870d6d2b9ba85b0bd21a,2026-09-04T10:38:30Z,2026-10-08T07:31:02Z,active,sitemap/link
https://www.vic.gov.au/career-opportunities-early-childhood-education-hindi,अर्ली चाइल्डहुड एजुकेशन में करियर के अवसर (Career Opportunities in Early Childhood Education) - हिन्दी (Hindi) | vic.gov.au,archive/gov/vic-gov/pages/career-opportunities-early-childhood-education-hindi/current.html,f5654364adf3bf75c22f4f3fe977b429b819b9d0a357a4ba4367a8d17915fade,2026-09-04T10:38:30Z,2026-10-08T07:31:02Z,active,sitemap/link
https://www.vic.gov.au/career-opportunities-early-childhood-education-karen,တၢ်ဖံးတၢ်မၤခွဲးယၥ်တဖၣ်လၢဖိသၣ်အကတီၢ်ဆိနံၣ်အတၢ်ကူၣ်ဘၣ်ကူၣ်သ့အဂီၢ် (Career Opportunities in Early Childhood Education) - ကျိာ် (Karen) | vic.gov.au,archive/gov/vic-gov/pages/career-opportunities-early-childhood-education-karen/current.html,e5e2e475205a6acf4caeb75aaf049a58d404c8ddf2b086e8d60ff03b164b5f0a,2026-09-04T10:38:30Z,2026-10-08T07:31:02Z,active,sitemap/link
https://www.vic.gov.au/career-opportunities-early-childhood-education-nepali,प्रारम्भिक बाल्यकाल शिक्षामा क्यारियर अवसरहरू (Career Opportunities in Early Childhood Education) - नेपाली (Nepali) | vic.gov.au,archive/gov/vic-gov/pages/career-opportunities-early-childhood-education-nepali/current.html,b1942e12506497a9f011d617aee088e789fb34da44c3ba15f3c6a63e9717ace0,2026-09-04T10:38:30Z,2026-10-08T07:31:02Z,active,sitemap/link
https://www.vic.gov.au/career-opportunities-early-childhood-education-pashto,د ماشتوب لومړنۍ دورې د زده کړو مسلکي یا کاري ژوند پیلولو فرصتونه (Career Opportunities in Early Childhood Education) - پښتو (Pashto) | vic.gov.au,archive/gov/vic-gov/pages/career-opportunities-early-childhood-education-pashto/current.html,f4ac3e853785c74239ec3a996a0930b032baf865224bbb0ef3528cff8045fe81,2026-09-04T10:38:30Z,2026-10-08T07:31:02Z,active,sitemap/link
https://www.vic.gov.au/career-opportunities-early-childhood-education-punjabi,ਸ਼ੁਰੂਆਤੀ ਬਚਪਨ ਦੀ ਸਿੱਖਿਆ ਨੂੰ ਕਿੱਤਾ ਬਣਾਉਣ ਦੇ ਮੌਕੇ (Career Opportunities in Early Childhood Education) - ਪੰਜਾਬੀ (Punjabi) | vic.gov.au,archive/gov/vic-gov/pages/career-opportunities-early-childhood-education-punjabi/current.html,7a6d303e9ce1d66d6f00820c43d9ce2d2a5fe3e760b7d2d2644073caf452938d,2026-09-04T10:38:30Z,2026-10-08T07:31:02Z,active,sitemap/link
https://www.vic.gov.au/career-opportunities-early-childhood-education-samoan,Avanoa faigaluega i a'oa'oga amata (Career Opportunities in Early Childhood Education) - Gagana Samoa (Samoan) | vic.gov.au,archive/gov/vic-gov/pages/career-opportunities-early-childhood-education-samoan/current.html,968feb41730bc38b6797e5345a51f01f638a88cc4e03ce36a27a0017f4d273f2,2026-09-04T10:38:30Z,2026-10-08T07:31:02Z,active,sitemap/link
https://www.vic.gov.au/career-opportunities-early-childhood-education-simplified-chinese,幼教就业机会 (Career Opportunities in Early Childhood Education) - 简体中文 (Simplified Chinese) | vic.gov.au,archive/gov/vic-gov/pages/career-opportunities-early-childhood-education-simplified-chinese/current.html,12895bf9251acfb89e84fd19b57937a126a6ebb53e62e34d136a9ca95131a955,2026-09-04T10:38:30Z,2026-10-08T07:31:02Z,active,sitemap/link
https://www.vic.gov.au/career-opportunities-early-childhood-education-sinhalese,මුල් ළමාවිය අධ්‍යාපනයේ වෘත්තීය අවස්ථා (Career Opportunities in Early Childhood Education) - සිංහල (Sinhalese) | vic.gov.au,archive/gov/vic-gov/pages/career-opportunities-early-childhood-education-sinhalese/current.html,edc56d884350ef24b909e3f2c785540d30c2093192bd9fdd02dcec4ba9bbb30d,2026-09-04T10:38:30Z,2026-10-08T07:31:02Z,active,sitemap/link
https://www.vic.gov.au/career-opportunities-early-childhood-education-somali,Fursadaha shaqo ee waxbarashada carruurnimada hore (Career Opportunities in Early Childhood Education) - Soomaali (Somali) | vic.gov.au,archive/gov/vic-gov/pages/career-opportunities-early-childhood-education-somali/current.html,724abf05a63b0cec8147cd3a9f74cf5ce2ed5eaf1276c6d2998a30467c84bb74,2026-09-04T10:38:30Z,2026-10-08T07:31:02Z,active,sitemap/link
https://www.vic.gov.au/career-opportunities-early-childhood-education-swahili,Nafasi za kazi-maisha katika elimu ya utoto wa mapema (Career Opportunities in Early Childhood Education) - Kiswahili (Swahili) | vic.gov.au,archive/gov/vic-gov/pages/career-opportunities-early-childhood-education-swahili/current.html,921112e02fb002cf0c1a529086adbb790a41f72b9a36b71af36dccd2d8355e61,2026-09-04T10:38:30Z,2026-10-08T07:31:02Z,active,sitemap/link
https://www.vic.gov.au/career-opportunities-early-childhood-education-tamil,ஆரம்பகாலக் குழந்தைப் பருவக் கல்வியில் தொழில் வாய்ப்புகள் (Career opportunities in early childhood education) - தமிழ் (Tamil) | vic.gov.au,archive/gov/vic-gov/pages/career-opportunities-early-childhood-education-tamil/current.html,c9f1bc099b1fbf15caf901c52116075eaaca8abc1889c066127c28cf5a6e09b5,2026-09-04T10:38:30Z,2026-10-08T07:31:02Z,active,sitemap/link
https://www.vic.gov.au/career-opportunities-early-childhood-education-telugu,బాల్య విద్యలో ఉద్యోగ అవకాశాలు (Career Opportunities in Early Childhood Education) – తెలుగు (Telugu) | vic.gov.au,archive/gov/vic-gov/pages/career-opportunities-early-childhood-education-telugu/current.html,e073f22cba3c69f799d6276dbd09cd93ce091d4eb8950066f4c22040c7d4ebdb,2026-09-04T10:38:30Z,2026-10-08T07:31:02Z,active,sitemap/link
https://www.vic.gov.au/career-opportunities-early-childhood-education-tigrinya,ኣብ ናይ ቅድመ ቍልዕነት ትምህርቲ ዘሎ ናይ ስራሕ ዕድላት (Career Opportunities in Early Childhood Education) - ትግርኛ (Tigrinya) | vic.gov.au,archive/gov/vic-gov/pages/career-opportunities-early-childhood-education-tigrinya/current.html,566a5918897035a715ac559dfe7b1745a81aa812f47de39869af0048ac20ac75,2026-09-04T10:38:30Z,2026-10-08T07:31:02Z,active,sitemap/link
https://www.vic.gov.au/career-opportunities-early-childhood-education-traditional-chinese,幼兒教育領域的職業機會 (Career Opportunities in Early Childhood Education) - 繁體中文 (Traditional Chinese) | vic.gov.au,archive/gov/vic-gov/pages/career-opportunities-early-childhood-education-traditional-chinese/current.html,10d8d9931d895c296c90ecc50aeadda2ccb45fad57eadc087561b1cdbeefcb59,2026-09-04T10:38:30Z,2026-10-08T07:31:02Z,active,sitemap/link
https://www.vic.gov.au/career-opportunities-early-childhood-education-turkish,Erken çocukluk eğitiminde kariyer fırsatları (Career Opportunities in Early Childhood Education) - Türkçe (Turkish) | vic.gov.au,archive/gov/vic-gov/pages/career-opportunities-early-childhood-education-turkish/current.html,3ced4de98fadd38e1f3d4de4aeabe9eda719fbf1e474dac535e3d656077b1cf2,2026-09-04T10:38:30Z,2026-10-08T07:31:02Z,active,sitemap/link
https://www.vic.gov.au/career-opportunities-early-childhood-education-ukrainian,Кар’єрні можливості в дошкільній освіті (Career Opportunities in Early Childhood Education) - Українська (Ukrainian) | vic.gov.au,archive/gov/vic-gov/pages/career-opportunities-early-childhood-education-ukrainian/current.html,630bbb6e874800ac52f19ef1401ddfef005a540687fcf66b70b6dcf9ca7eb4f1,2026-09-04T10:38:30Z,2026-10-08T07:31:02Z,active,sitemap/link
https://www.vic.gov.au/career-opportunities-early-childhood-education-urdu,چھوٹے بچوں کی تعلیم میں کیریئر کے مواقع (Career Opportunities in Early Childhood Education) - اردو (Urdu) | vic.gov.au,archive/gov/vic-gov/pages/career-opportunities-early-childhood-education-urdu/current.html,2805a42ee7508a51004a763eb56f99d9733a9ac8f04fe0dc0c112772e8289266,2026-09-04T10:38:30Z,2026-10-08T07:31:02Z,active,sitemap/link
https://www.vic.gov.au/career-opportunities-early-childhood-education-vietnamese,Cơ hội nghề nghiệp trong lĩnh vực giáo dục mầm non (Career Opportunities in Early Childhood Education) - Tiếng Việt (Vietnamese) | vic.gov.au,archive/gov/vic-gov/pages/career-opportunities-early-childhood-education-vietnamese/current.html,f63f93d222981717fcaa49c930355e58e5c75843bf9c626f71f7eef346c34333,2026-09-04T10:38:30Z,2026-10-08T07:31:02Z,active,sitemap/link
https://www.vic.gov.au/cavendish-primary-school-number-116,Cavendish Primary School (No. 116) | vic.gov.au,archive/gov/vic-gov/pages/cavendish-primary-school-number-116/current.html,a57464ac0865b3efee1d366ec6c3fcdb5b4dbb1ba923cf4fcc0c7c49d0a73b53,2026-09-04T10:38:30Z,2026-10-08T07:31:02Z,active,sitemap/link
https://www.vic.gov.au/child-protection-early-childhood-online-learning,Child protection and child safety training in early childhood | vic.gov.au,archive/gov/vic-gov/pages/child-protection-early-childhood-online-learning/current.html,7d4170d9040ef814da3f41788f0b215ac725edb9777a33098a33d5526f6b5369,2026-09-04T10:38:30Z,2026-10-08T07:31:02Z,active,sitemap/link
https://www.vic.gov.au/child-protection-early-childhood-privacy-and-information-sharing,Child protection in early childhood: privacy and information sharing | vic.gov.au,archive/gov/vic-gov/pages/child-protection-early-childhood-privacy-and-information-sharing/current.html,ebebb28648dbf6ba3d1bfed4dd1ced88b758b78691dc85bfde67256bf1762bfa,2026-09-04T10:38:30Z,2026-10-08T07:31:02Z,active,sitemap/link
https://www.vic.gov.au/child-safety-early-childhood-parents,Child safety in early childhood: information for families | vic.gov.au,archive/gov/vic-gov/pages/child-safety-early-childhood-parents/current.html,4d2fbe262a1a3aadb865d5eacde37bd7a2cfacacbf2479a65dbc3f03378c6119,2026-09-04T10:38:30Z,2026-10-08T07:31:02Z,active,sitemap/link
https://www.vic.gov.au/children-additional-needs-early-childhood,Children with additional needs in early childhood | vic.gov.au,archive/gov/vic-gov/pages/children-additional-needs-early-childhood/current.html,e23fd0ddc886375235642c7dd6321028ab1493fca166584e0a452a3eda62cdc8,2026-09-04T10:38:30Z,2026-10-08T07:31:02Z,active,sitemap/link
https://www.vic.gov.au/choose-early-childhood-service,Choose an early childhood service | vic.gov.au,archive/gov/vic-gov/pages/choose-early-childhood-service/current.html,164568ea2678ea9e56b11efbc29b6a226cae1e3f7612d16ef79393a2a425025f,2026-09-04T10:38:30Z,2026-10-08T07:31:02Z,active,sitemap/link
https://www.vic.gov.au/contact-early-childhood-improvement-branch,Contact an Early Childhood Improvement Branch | vic.gov.au,archive/gov/vic-gov/pages/contact-early-childhood-improvement-branch/current.html,26aeda8c9a85c9a1fcdb7be6a857b517193ada61f6a8339992bf78429eafb234,2026-09-04T10:38:30Z,2026-10-08T07:31:02Z,active,sitemap/link
https://www.vic.gov.au/contact-early-childhood-office,Contact an Early Childhood office at the department | vic.gov.au,archive/gov/vic-gov/pages/contact-early-childhood-office/current.html,b22907aedfee50a593b91457b05d5731a3b90b8d76d149893ab2c688df2dcc11,2026-09-04T10:38:30Z,2026-10-08T07:31:02Z,active,sitemap/link
https://www.vic.gov.au/early-childhood-agreement-children-out-home-care,The early childhood agreement for children in out-of-home care | vic.gov.au,archive/gov/vic-gov/pages/early-childhood-agreement-children-out-home-care/current.html,d19933c1f4f281f7cacfb2412157f060d82e1066cdfaf937de31ba0f46b1dfa8,2026-09-04T10:38:30Z,2026-10-08T07:31:02Z,active,sitemap/link
https://www.vic.gov.au/early-childhood-career-support,Early childhood career support | vic.gov.au,archive/gov/vic-gov/pages/early-childhood-career-support/current.html,a942b65f01a7ed0acdf51bd063d7c8137ccf5fddf77742605f13bfd456b03131,2026-09-04T10:38:30Z,2026-10-08T07:31:02Z,active,sitemap/link
https://www.vic.gov.au/early-childhood-culturally-safe-environments,Cultural safety for Aboriginal children | vic.gov.au,archive/gov/vic-gov/pages/early-childhood-culturally-safe-environments/current.html,ab5d52d0435b50fdcfcfb2b7862eba13fb3ce867a41c5ac3ddb6357f8d724a42,2026-09-04T10:38:30Z,2026-10-08T07:31:02Z,active,sitemap/link
https://www.vic.gov.au/early-childhood-education-care,Early childhood education and care | vic.gov.au,archive/gov/vic-gov/pages/early-childhood-education-care/current.html,e90e5d3a9bd2065b545f48e2314173b5794e1890b8e066c89585e81c76c741c6,2026-09-04T10:38:30Z,2026-10-08T07:31:02Z,active,sitemap/link
https://www.vic.gov.au/early-childhood-education-information-professionals,Early childhood education – information for professionals | vic.gov.au,archive/gov/vic-gov/pages/early-childhood-education-information-professionals/current.html,0e9e6c11dfd46097d8e38baa59f4451f0d913c500512997d05ddb6a4ff50115f,2026-09-04T10:38:30Z,2026-10-08T07:31:02Z,active,sitemap/link
https://www.vic.gov.au/early-childhood-education-leadership-training,Early childhood education leadership training | vic.gov.au,archive/gov/vic-gov/pages/early-childhood-education-leadership-training/current.html,b812cbf41017f926b3c079154f5a11a2c4f29e396dc6f36111f24a5944abe696,2026-09-04T10:38:30Z,2026-10-08T07:31:02Z,active,sitemap/link
https://www.vic.gov.au/early-childhood-education-programs-supporting-aboriginal-children,Early childhood education programs supporting Aboriginal children | vic.gov.au,archive/gov/vic-gov/pages/early-childhood-education-programs-supporting-aboriginal-children/current.html,d334113b295233271f79ef6bf16f3747202c51a892cbaa2ba95deded654d1051,2026-09-04T10:38:30Z,2026-10-08T07:31:02Z,active,sitemap/link
https://www.vic.gov.au/early-childhood-education-training-health-wellbeing,Early childhood education training - health and wellbeing | vic.gov.au,archive/gov/vic-gov/pages/early-childhood-education-training-health-wellbeing/current.html,bfae474cd42299df6075d346c305946d311b0325309e9fa0b57a07819fd4d4d7,2026-09-04T10:38:30Z,2026-10-08T07:31:02Z,active,sitemap/link
https://www.vic.gov.au/early-childhood-education-training-support-children-additional-needs,Early childhood education training - support children with additional needs | vic.gov.au,archive/gov/vic-gov/pages/early-childhood-education-training-support-children-additional-needs/current.html,a56cb3de10d98f1c9064fda1f2719d8cce61ed9c811e5e78a7479bd06fb39e73,2026-09-04T10:38:30Z,2026-10-08T07:31:02Z,active,sitemap/link
https://www.vic.gov.au/early-childhood-educator,Early childhood educator | vic.gov.au,archive/gov/vic-gov/pages/early-childhood-educator/current.html,5cab8e6fda01989098b7503cff85fbb680d2afd331e28681a21abe691c07b0e9,2026-09-04T10:38:30Z,2026-10-08T07:31:02Z,active,sitemap/link
https://www.vic.gov.au/early-childhood-induction-toolkit,Early Childhood Induction Toolkit | vic.gov.au,archive/gov/vic-gov/pages/early-childhood-induction-toolkit/current.html,83a7e39c0170b65ca2d8ec7215620cbd452f31923002700a10ac03a235e82576,2026-09-04T10:38:30Z,2026-10-08T07:31:02Z,active,sitemap/link
https://www.vic.gov.au/early-childhood-language-program,Early childhood language program | vic.gov.au,archive/gov/vic-gov/pages/early-childhood-language-program/current.html,e5c6e553a1c6255d64a2e414e0a1a7f004bb0009296c4c88f7402d64f55f9ccc,2026-09-04T10:38:30Z,2026-10-08T07:31:02Z,active,sitemap/link
https://www.vic.gov.au/early-childhood-language-program-children-support-and-implementation-guide,Early Childhood Language Program for children: Support and implementation guide | vic.gov.au,archive/gov/vic-gov/pages/early-childhood-language-program-children-support-and-implementation-guide/current.html,672b79a3c4b5f83a691385f2bfb396d755e84c114fa7268336789aa631fea9bd,2026-09-04T10:38:30Z,2026-10-08T07:31:02Z,active,sitemap/link
https://www.vic.gov.au/early-childhood-learning-teaching-play,Early Childhood Learning and Teaching through Play | vic.gov.au,archive/gov/vic-gov/pages/early-childhood-learning-teaching-play/current.html,605cd4dc222d1583a75967f3778dc858304305c9d1c4f1ed6fd941e5fcfb326f,2026-09-04T10:38:30Z,2026-10-08T07:31:02Z,active,sitemap/link
https://www.vic.gov.au/early-childhood-literacy-teaching-toolkit-explained,The early childhood literacy teaching toolkit explained | vic.gov.au,archive/gov/vic-gov/pages/early-childhood-literacy-teaching-toolkit-explained/current.html,575a382211a1a9db8182cb0c99928a2e1a317f54368c3800d4c738da5213bbd5,2026-09-04T10:38:30Z,2026-10-08T07:31:02Z,active,sitemap/link
https://www.vic.gov.au/early-childhood-play-matters,Early Childhood Play Matters | vic.gov.au,archive/gov/vic-gov/pages/early-childhood-play-matters/current.html,bc540e6fff9b2f974fe3126510ec679c14c5d1284ffe8c8a7cb02a82a6e6d847,2026-09-04T10:38:30Z,2026-10-08T07:31:02Z,active,sitemap/link
https://www.vic.gov.au/early-childhood-provisionally-registered-teacher-prt-grants-program,Early Childhood Provisionally Registered Teacher (PRT) Grants Program | vic.gov.au,archive/gov/vic-gov/pages/early-childhood-provisionally-registered-teacher-prt-grants-program/current.html,a7041831d6f11727cc020f1cbdd1b3d8de6be81f7a9754fb56f9bff53b2f5d07,2026-09-04T10:38:30Z,2026-10-08T07:31:02Z,active,sitemap/link
https://www.vic.gov.au/early-childhood-reform,Early childhood reform | vic.gov.au,archive/gov/vic-gov/pages/early-childhood-reform/current.html,3872dd1691e7a6583743a1a32e60efbf3a98cad8077acc8d66a40ef184c3e14b,2026-09-04T10:38:30Z,2026-10-08T07:31:02Z,active,sitemap/link
https://www.vic.gov.au/early-childhood-school-additional-needs,Students with additional needs | vic.gov.au,archive/gov/vic-gov/pages/early-childhood-school-additional-needs/current.html,fe13b3e05743918615c3cf246048173426f78388b33d7fbec00bf801414ab0fa,2026-09-04T10:38:30Z,2026-10-08T07:31:02Z,active,sitemap/link
https://www.vic.gov.au/early-childhood-school-closures,Early childhood and school closures | vic.gov.au,archive/gov/vic-gov/pages/early-childhood-school-closures/current.html,4d2c614493e040b7ca3c72dbce91b258b16fb1ee1a91089f2e7b5a6c56f349c1,2026-09-04T10:38:30Z,2026-10-08T07:31:02Z,active,sitemap/link
https://www.vic.gov.au/early-childhood-service-funding-and-grants,Early childhood service funding and grants | vic.gov.au,archive/gov/vic-gov/pages/early-childhood-service-funding-and-grants/current.html,88b585816f860fb0e401fa217844501e1cfe54f51d083176e3a5f0bab8a032d5,2026-09-04T10:38:30Z,2026-10-08T07:31:02Z,active,sitemap/link
https://www.vic.gov.au/early-childhood-services-and-parents-taking-part-premiers-reading-challenge,Premiers' Reading Challenge: information for early childhood services and parents/carers | vic.gov.au,archive/gov/vic-gov/pages/early-childhood-services-and-parents-taking-part-premiers-reading-challenge/current.html,72abd5d432b457e353bcef5c722d44175ba0e3d9172ee9ac8fa692f036106fb7,2026-09-04T10:38:30Z,2026-10-08T07:31:02Z,active,sitemap/link
https://www.vic.gov.au/early-childhood-services-child-and-student-empowerment,Child empowerment | vic.gov.au,archive/gov/vic-gov/pages/early-childhood-services-child-and-student-empowerment/current.html,e35a3220f7c42a3b98e32c0624ce830a8a6d004876f07ed11bc471bbb5dd6a57,2026-09-04T10:38:30Z,2026-10-08T07:31:02Z,active,sitemap/link
https://www.vic.gov.au/early-childhood-services-child-safe-standards,Child Safe Standards guidance for early childhood services | vic.gov.au,archive/gov/vic-gov/pages/early-childhood-services-child-safe-standards/current.html,c123300180b2563f9a72dc05738140380887661be5f1f0360c753fdabad9ade3,2026-09-04T10:38:30Z,2026-10-08T07:31:02Z,active,sitemap/link
https://www.vic.gov.au/early-childhood-services-child-safety-and-wellbeing,Child safety and wellbeing | vic.gov.au,archive/gov/vic-gov/pages/early-childhood-services-child-safety-and-wellbeing/current.html,4cf042352d5c8c26cf118cc41b0418b3ada001a9ea4f07f47a61caffd1bd8e4a,2026-09-04T10:38:30Z,2026-10-08T07:31:02Z,active,sitemap/link
https://www.vic.gov.au/early-childhood-services-child-safety-knowledge-skills-and-awareness,Child safety training and support | vic.gov.au,archive/gov/vic-gov/pages/early-childhood-services-child-safety-knowledge-skills-and-awareness/current.html,7be09f7432a21c4aa10856dc3d706c067686c2bbb6bbcc95a1c204d5799892ad,2026-09-04T10:38:30Z,2026-10-08T07:31:02Z,active,sitemap/link
https://www.vic.gov.au/early-childhood-services-child-safety-physical-and-online-environments,Child safety in physical and online environments | vic.gov.au,archive/gov/vic-gov/pages/early-childhood-services-child-safety-physical-and-online-environments/current.html,4a7e7964b867ded0e2ebf38002d7bca64408846711ca7dbc8d00bef773b49388,2026-09-04T10:38:30Z,2026-10-08T07:31:02Z,active,sitemap/link
https://www.vic.gov.au/early-childhood-services-complaints-processes,Complaints processes | vic.gov.au,archive/gov/vic-gov/pages/early-childhood-services-complaints-processes/current.html,781508e31455ea48fb818d4f85fb022be1931ec987090e7ef8007022db8ace78,2026-09-04T10:38:30Z,2026-10-08T07:31:02Z,active,sitemap/link
https://www.vic.gov.au/early-childhood-services-diversity-and-equity,Diversity and equity | vic.gov.au,archive/gov/vic-gov/pages/early-childhood-services-diversity-and-equity/current.html,81077a1b4a1ef3fe3bd2e7b3b5de20ef85c99bd6115f38a0669782926f531cf2,2026-09-04T10:38:30Z,2026-10-08T07:31:02Z,active,sitemap/link
https://www.vic.gov.au/early-childhood-services-family-engagement,Engaging with families about child safety | vic.gov.au,archive/gov/vic-gov/pages/early-childhood-services-family-engagement/current.html,994f4c0d070e98e270d69654627e027bc6934ff068525cc405b419673a76dc20,2026-09-04T10:38:30Z,2026-10-08T07:31:02Z,active,sitemap/link
https://www.vic.gov.au/early-childhood-services-implementation-child-safety-practices,Implementing child safe practices | vic.gov.au,archive/gov/vic-gov/pages/early-childhood-services-implementation-child-safety-practices/current.html,1dc69ac9af2f28a840ba0c6447e43577a22ce3d62ed6b30649fbedb48f8fb924,2026-09-04T10:38:30Z,2026-10-08T07:31:02Z,active,sitemap/link
https://www.vic.gov.au/early-childhood-services-review-child-safety-practices,Reviewing child safety practices | vic.gov.au,archive/gov/vic-gov/pages/early-childhood-services-review-child-safety-practices/current.html,36dc0b757e33ac266fffd86eba8daa12436c411301d712ecd352ae584e9bf60b,2026-09-04T10:38:30Z,2026-10-08T07:31:02Z,active,sitemap/link
https://www.vic.gov.au/early-childhood-services-suitable-staff-and-volunteers,Suitable staff and volunteers | vic.gov.au,archive/gov/vic-gov/pages/early-childhood-services-suitable-staff-and-volunteers/current.html,4521db72a17cc50a3926f913d39b1d766e656a3f6dfecc2ba979cbff8be4a441,2026-09-04T10:38:30Z,2026-10-08T07:31:02Z,active,sitemap/link
https://www.vic.gov.au/early-childhood-teacher-professional-standards-and-supports,Early childhood teacher professional standards and supports | vic.gov.au,archive/gov/vic-gov/pages/early-childhood-teacher-professional-standards-and-supports/current.html,bcc3f9f8eefacd90c08a4ee8f4458a8102a100323ef66fa0fb0f54b7acf16e64,2026-09-04T10:38:30Z,2026-10-08T07:31:02Z,active,sitemap/link
https://www.vic.gov.au/early-childhood-teachers-and-educators-expression-interest-data-collection-statement,Early childhood teachers and educators expression of interest - Data Collection Statement | vic.gov.au,archive/gov/vic-gov/pages/early-childhood-teachers-and-educators-expression-interest-data-collection-statement/current.html,8871272b0b77618ff94e132eb5ef6d024d2dd52940e1192ba2de645c6e9b2fce,2026-09-04T10:38:30Z,2026-10-08T07:31:02Z,active,sitemap/link
https://www.vic.gov.au/early-childhood-tertiary-partnerships-program,Early Childhood Tertiary Partnerships program | vic.gov.au,archive/gov/vic-gov/pages/early-childhood-tertiary-partnerships-program/current.html,802d6d3f77ff8f52abea204159c9cf4d257ef037b9d050a5f122f45faa2cfa53,2026-09-04T10:38:30Z,2026-10-08T07:31:02Z,active,sitemap/link
https://www.vic.gov.au/early-childhood-update,Early Childhood Update | vic.gov.au,archive/gov/vic-gov/pages/early-childhood-update/current.html,88c7151a2ef5dff4dfbeaadfca7dad44854cae5bf536406d3de6d57277967637,2026-09-04T10:38:30Z,2026-10-08T07:31:02Z,active,sitemap/link
https://www.vic.gov.au/early-childhood-update-april-2024,Early Childhood Update - April 2024 | vic.gov.au,archive/gov/vic-gov/pages/early-childhood-update-april-2024/current.html,27b8c47a9ed026671b4c36508e2986694843e4816c832e094ec4be0fb890a8dc,2026-09-04T10:38:30Z,2026-10-08T07:31:02Z,active,sitemap/link
https://www.vic.gov.au/early-childhood-update-april-2024/community-outreach-initiative-success,Community outreach initiative success | vic.gov.au,archive/gov/vic-gov/pages/early-childhood-update-april-2024/community-outreach-initiative-success/current.html,7d3730bee3e1ca4b5dc3e97e65a498e37d9e780af3fa6710e829bdf79387a0ba,2026-09-04T10:38:30Z,2026-10-08T07:31:02Z,active,sitemap/link
https://www.vic.gov.au/early-childhood-update-april-2024/cultural-diversity-week-and-talking-enrolments-ahead-next-year,Cultural Diversity Week and talking enrolments ahead of next year | vic.gov.au,archive/gov/vic-gov/pages/early-childhood-update-april-2024/cultural-diversity-week-and-talking-enrolments-ahead-next-year/current.html,9a461de3c9b8262faae43d04d0a535e5d7fee05f06ca0ad3cfd0f22a9a02c79b,2026-09-04T10:38:30Z,2026-10-08T07:31:02Z,active,sitemap/link
https://www.vic.gov.au/early-childhood-update-april-2024/early-years-assessment-and-learning-tool-update,Early Years Assessment and Learning Tool update | vic.gov.au,archive/gov/vic-gov/pages/early-childhood-update-april-2024/early-years-assessment-and-learning-tool-update/current.html,c8ab94d9a1b9c2a5ae8b25078fecd2c855927b0e184e7c61bd88878c73808a68,2026-09-04T10:38:30Z,2026-10-08T07:31:02Z,active,sitemap/link
https://www.vic.gov.au/early-childhood-update-april-2024/expanded-interpreting-and-translation-services,Expanded interpreting and translation services | vic.gov.au,archive/gov/vic-gov/pages/early-childhood-update-april-2024/expanded-interpreting-and-translation-services/current.html,408f74f5911ff803fa85764196c4203ad512d97a43a730ef31845cfa6ca52cd5,2026-09-04T10:38:30Z,2026-10-08T07:31:02Z,active,sitemap/link
https://www.vic.gov.au/early-childhood-update-april-2024/foundation-prep-2025-enrolments-open-term-2-2024,"Foundation (Prep) 2025 enrolments open in Term 2, 2024 | vic.gov.au",archive/gov/vic-gov/pages/early-childhood-update-april-2024/foundation-prep-2025-enrolments-open-term-2-2024/current.html,6f1527ca6e24214a432ecf12a1f63d971b8d2682846f8140d968c90788785cdc,2026-09-04T10:38:30Z,2026-10-08T07:31:02Z,active,sitemap/link
https://www.vic.gov.au/early-childhood-update-april-2024/national-workforce-census,National Workforce Census | vic.gov.au,archive/gov/vic-gov/pages/early-childhood-update-april-2024/national-workforce-census/current.html,d22bda5bcaf9d1fb7a627ad4b9c5c1cc4313fcddf1db4684116b56b66ef2384c,2026-09-04T10:38:30Z,2026-10-08T07:31:02Z,active,sitemap/link
https://www.vic.gov.au/early-childhood-update-april-2024/new-translated-child-information-sharing-scheme-resources,New translated Child Information Sharing Scheme resources | vic.gov.au,archive/gov/vic-gov/pages/early-childhood-update-april-2024/new-translated-child-information-sharing-scheme-resources/current.html,d7d3a61b82cdc2b0fc426c04f1f59f15fe4ce4abb8eb818d5c31d2cd1ec14aa3,2026-09-04T10:38:30Z,2026-10-08T07:31:02Z,active,sitemap/link
https://www.vic.gov.au/early-childhood-update-april-2024/premiers-reading-challenge-2024,Premiers’ Reading Challenge 2024 | vic.gov.au,archive/gov/vic-gov/pages/early-childhood-update-april-2024/premiers-reading-challenge-2024/current.html,1dfa26d7fa46ead4ccea661c96f028aab2e66cd858dffb0aca66968c9cdeadca,2026-09-04T10:38:30Z,2026-10-08T07:31:02Z,active,sitemap/link
https://www.vic.gov.au/early-childhood-update-april-2024/resources-support-cultural-safety-koorie-children-and-families,Resources to support cultural safety for Koorie children and families | vic.gov.au,archive/gov/vic-gov/pages/early-childhood-update-april-2024/resources-support-cultural-safety-koorie-children-and-families/current.html,c4d2b170bdd60e438cb50bf4f95e263422b07080de605f3462c349f1e2564a12,2026-09-04T10:38:30Z,2026-10-08T07:31:02Z,active,sitemap/link
https://www.vic.gov.au/early-childhood-update-april-2024/respectful-relationships-program-early-childhood-educators,Respectful Relationships program for early childhood educators | vic.gov.au,archive/gov/vic-gov/pages/early-childhood-update-april-2024/respectful-relationships-program-early-childhood-educators/current.html,ef19a272624a779b17a30c55f839de2f07f256e77e7d4d3c70bf955c7f30d639,2026-09-04T10:38:30Z,2026-10-08T07:31:02Z,active,sitemap/link
https://www.vic.gov.au/early-childhood-update-april-2024/share-your-inspiring-early-childhood-education-stories,Share your inspiring early childhood education stories | vic.gov.au,archive/gov/vic-gov/pages/early-childhood-update-april-2024/share-your-inspiring-early-childhood-education-stories/current.html,3e8bb16227437e002ee139adf872753d6d48b9b18edd3d813a4cbea2a9b00e32,2026-09-04T10:38:30Z,2026-10-08T07:31:02Z,active,sitemap/link
https://www.vic.gov.au/early-childhood-update-april-2024/toy-library-grants-program-recipients-announced,Toy Library Grants Program recipients announced | vic.gov.au,archive/gov/vic-gov/pages/early-childhood-update-april-2024/toy-library-grants-program-recipients-announced/current.html,6948a828ffc3894ffc62d43b327cebbfc537b809f648ecf12d7cc59560f57b0b,2026-09-04T10:38:30Z,2026-10-08T07:31:02Z,active,sitemap/link
https://www.vic.gov.au/early-childhood-update-april-2025,Early Childhood Update - April 2025 | vic.gov.au,archive/gov/vic-gov/pages/early-childhood-update-april-2025/current.html,e6b9229d5ab0595a5b150ebccfa6ea3f58dcc723e9382c92a0090810a7089fd6,2026-09-04T10:38:30Z,2026-10-08T07:31:02Z,active,sitemap/link
https://www.vic.gov.au/early-childhood-update-april-2025/best-start-best-life-evening-leadership-series,"Best Start, Best Life Evening Leadership Series | vic.gov.au",archive/gov/vic-gov/pages/early-childhood-update-april-2025/best-start-best-life-evening-leadership-series/current.html,5af40e9069662e474f95709c1431ecb438c46774170c384f456c490ac9a10427,2026-09-04T10:38:30Z,2026-10-08T07:31:02Z,active,sitemap/link
https://www.vic.gov.au/early-childhood-update-april-2025/disability-inclusion-research-kindergartens-project,Disability inclusion research in kindergartens project | vic.gov.au,archive/gov/vic-gov/pages/early-childhood-update-april-2025/disability-inclusion-research-kindergartens-project/current.html,f70d5766ea9b546fab5b376d652b08666199205472a45a5aa109d5c8a403dd09,2026-09-04T10:38:30Z,2026-10-08T07:31:02Z,active,sitemap/link
https://www.vic.gov.au/early-childhood-update-april-2025/educational-leaders-conference-march,Leaders conference explores brain development and the criticality of the early years | vic.gov.au,archive/gov/vic-gov/pages/early-childhood-update-april-2025/educational-leaders-conference-march/current.html,cffdbdad8281e96cc21ae83d36ecc0dffe0acc128e75a492268f187cf113a38c,2026-09-04T10:38:30Z,2026-10-08T07:31:02Z,active,sitemap/link
https://www.vic.gov.au/early-childhood-update-april-2025/empowering-first-nations-voices-early-childhood-education,Empowering First Nations voices in early childhood education | vic.gov.au,archive/gov/vic-gov/pages/early-childhood-update-april-2025/empowering-first-nations-voices-early-childhood-education/current.html,ce9e02f478e4f7154337b4d385ecac8e34697385ba66a8f707805c499f96f08e,2026-09-04T10:38:30Z,2026-10-08T07:31:02Z,active,sitemap/link
https://www.vic.gov.au/early-childhood-update-april-2025/foundation-prep-2026-enrolments-open-term-2-2025,"Foundation (Prep) 2026 enrolments open in Term 2, 2025 | vic.gov.au",archive/gov/vic-gov/pages/early-childhood-update-april-2025/foundation-prep-2026-enrolments-open-term-2-2025/current.html,738fdbe9c6d3a80494cc99724ca8522b5a10335786e1793ef829cbad5f5703b2,2026-09-04T10:38:30Z,2026-10-08T07:31:02Z,active,sitemap/link
https://www.vic.gov.au/early-childhood-update-april-2025/next-steps-using-arrival,Next steps for using Arrival | vic.gov.au,archive/gov/vic-gov/pages/early-childhood-update-april-2025/next-steps-using-arrival/current.html,d3eb1c8a4898b6d2d006dcbec41437e6083ff6c3278adc0ee651368c5d851ae7,2026-09-04T10:38:30Z,2026-10-08T07:31:02Z,active,sitemap/link
https://www.vic.gov.au/early-childhood-update-april-2025/promoting-2026-kindergarten-enrolments,Promoting 2026 kindergarten enrolments | vic.gov.au,archive/gov/vic-gov/pages/early-childhood-update-april-2025/promoting-2026-kindergarten-enrolments/current.html,b4a23879bf3338ac3f0bec9c55f190bbf3ea64a25d12fb7e37a2b9eeb489048c,2026-09-04T10:38:30Z,2026-10-08T07:31:02Z,active,sitemap/link
https://www.vic.gov.au/early-childhood-update-april-2025/promoting-benefits-kindergarten-ahead-2026-enrolment-period,Promoting the benefits of kindergarten ahead of the 2026 enrolment period | vic.gov.au,archive/gov/vic-gov/pages/early-childhood-update-april-2025/promoting-benefits-kindergarten-ahead-2026-enrolment-period/current.html,75b81c91b1c17d47c15db922b28e80663dc2c2d3321bafd3820dc6843863c7a6,2026-09-04T10:38:30Z,2026-10-08T07:31:02Z,active,sitemap/link
https://www.vic.gov.au/early-childhood-update-april-2025/respectful-relationships-professional-learning-early-childhood-educators,Respectful Relationships professional learning for early childhood educators | vic.gov.au,archive/gov/vic-gov/pages/early-childhood-update-april-2025/respectful-relationships-professional-learning-early-childhood-educators/current.html,7e2a9335b7d94e866fb04def66893c9ae303fedcda18335d10b288f21a30bcff,2026-09-04T10:38:30Z,2026-10-08T07:31:02Z,active,sitemap/link
https://www.vic.gov.au/early-childhood-update-april-2025/strengthening-leadership-skills,Strengthening leadership skills | vic.gov.au,archive/gov/vic-gov/pages/early-childhood-update-april-2025/strengthening-leadership-skills/current.html,a9dbc01fb7c92a96ee6aa721f64fbdde3b22ed35651a9597372906a0ee401f2e,2026-09-04T10:38:30Z,2026-10-08T07:31:02Z,active,sitemap/link
https://www.vic.gov.au/early-childhood-update-april-2025/supports-early-childhood-workforce,Supports for the early childhood workforce | vic.gov.au,archive/gov/vic-gov/pages/early-childhood-update-april-2025/supports-early-childhood-workforce/current.html,6c34eae0151790a1efcaaff11964562817fb00d9927e2e1550069fb5adf37e87,2026-09-04T10:38:30Z,2026-10-08T07:31:02Z,active,sitemap/link
https://www.vic.gov.au/early-childhood-update-april-2026,Early Childhood Update - April 2026 | vic.gov.au,archive/gov/vic-gov/pages/early-childhood-update-april-2026/current.html,2846d5e8199bafe9b98d225c0c7f0a3e343014569fa6b23404de1b21e6ab208f,2026-09-04T10:38:30Z,2026-10-08T07:31:02Z,active,sitemap/link
https://www.vic.gov.au/early-childhood-update-april-2026/2026-victorian-protecting-children-awards,2026 Victorian Protecting Children Awards | vic.gov.au,archive/gov/vic-gov/pages/early-childhood-update-april-2026/2026-victorian-protecting-children-awards/current.html,ae4baf0530736b494d6a65645d90c8da91dd353a23ca34ffb314c30de1de0731,2026-09-04T10:38:30Z,2026-10-08T07:31:02Z,active,sitemap/link
https://www.vic.gov.au/early-childhood-update-april-2026/annual-confirmation-closes-soon,Annual confirmation closes soon | vic.gov.au,archive/gov/vic-gov/pages/early-childhood-update-april-2026/annual-confirmation-closes-soon/current.html,4c92e09e49b8cbb8d5f10c74a9a33a0ce8a88c25c365f339818d642f2cc06b4b,2026-09-04T10:38:30Z,2026-10-08T07:31:02Z,active,sitemap/link
https://www.vic.gov.au/early-childhood-update-april-2026/be-part-premiers-reading-challenge-2026,Be part of the Premiers’ Reading Challenge 2026 | vic.gov.au,archive/gov/vic-gov/pages/early-childhood-update-april-2026/be-part-premiers-reading-challenge-2026/current.html,5def386031e7dbd5fd4969a6eddbcd5d46bcfd45c27f7d3a81ec93ce77bf1b56,2026-09-04T10:38:30Z,2026-10-08T07:31:02Z,active,sitemap/link
https://www.vic.gov.au/early-childhood-update-april-2026/effective-mentoring-program-experienced-teachers,Effective Mentoring Program for experienced teachers | vic.gov.au,archive/gov/vic-gov/pages/early-childhood-update-april-2026/effective-mentoring-program-experienced-teachers/current.html,5b35de4a60b34032bae3a2c9525d0f4b4b09619bf65508c056c3d1a8cab1662f,2026-09-04T10:38:30Z,2026-10-08T07:31:02Z,active,sitemap/link
https://www.vic.gov.au/early-childhood-update-april-2026/foundation-prep-2027-enrolments-open-term-2-2026,"Foundation (Prep) 2027 enrolments open in Term 2, 2026 | vic.gov.au",archive/gov/vic-gov/pages/early-childhood-update-april-2026/foundation-prep-2027-enrolments-open-term-2-2026/current.html,50c9efebc134c4d00456f878a114ad493b6a1a986cf3b7130fc7acd2ed32bc60,2026-09-04T10:38:30Z,2026-10-08T07:31:02Z,active,sitemap/link
https://www.vic.gov.au/early-childhood-update-april-2026/preparing-for-the-2027-enrolment-period,Preparing for the 2027 enrolment period | vic.gov.au,archive/gov/vic-gov/pages/early-childhood-update-april-2026/preparing-for-the-2027-enrolment-period/current.html,38842473aa77fb59dbca59d32cc98a019a39492229c008d0c04f190b7aad30a1,2026-09-04T10:38:30Z,2026-10-08T07:31:02Z,active,sitemap/link
https://www.vic.gov.au/early-childhood-update-april-2026/supporting-children-living-out-home-care,Supporting children living in out-of-home care | vic.gov.au,archive/gov/vic-gov/pages/early-childhood-update-april-2026/supporting-children-living-out-home-care/current.html,5dd34dc0235565eb3ac9cb508e217b6b19c68ed2d48dcaa8d4937ab6cc754406,2026-09-04T10:38:30Z,2026-10-08T07:31:02Z,active,sitemap/link
https://www.vic.gov.au/early-childhood-update-april-2026/transition-early-childhood-jobs-website,Transition from the Early Childhood Jobs website | vic.gov.au,archive/gov/vic-gov/pages/early-childhood-update-april-2026/transition-early-childhood-jobs-website/current.html,753ee7df9d43471e9ff10c4ee1133f1568b1d4866b65445ccd4480559b612537,2026-09-04T10:38:30Z,2026-10-08T07:31:02Z,active,sitemap/link
https://www.vic.gov.au/early-childhood-update-april-2026/visiting-our-2027-pre-prep-communities,Visiting our 2027 Pre-Prep communities | vic.gov.au,archive/gov/vic-gov/pages/early-childhood-update-april-2026/visiting-our-2027-pre-prep-communities/current.html,f19e6b2e91024f420c116835b03c67583e255d278e34f913e2e38e755928e4f9,2026-09-04T10:38:30Z,2026-10-08T07:31:02Z,active,sitemap/link
https://www.vic.gov.au/early-childhood-update-august-2024,Early Childhood Update - August 2024 | vic.gov.au,archive/gov/vic-gov/pages/early-childhood-update-august-2024/current.html,86ed06a837963dd99a7797319b40c6161d9b12e3d403082bbbed2fa3c2dc95a3,2026-09-04T10:38:30Z,2026-10-08T07:31:02Z,active,sitemap/link
https://www.vic.gov.au/early-childhood-update-august-2024/apply-2024-bush-kinder-grants-program,Apply for the 2024 Bush Kinder Grants Program | vic.gov.au,archive/gov/vic-gov/pages/early-childhood-update-august-2024/apply-2024-bush-kinder-grants-program/current.html,cae6fee785a6a6519bc884c1acc59174104a823f216cc32b798806ab95009406,2026-09-04T10:38:30Z,2026-10-08T07:31:02Z,active,sitemap/link
https://www.vic.gov.au/early-childhood-update-august-2024/building-blocks-grants-open-applications,Building Blocks grants open for applications | vic.gov.au,archive/gov/vic-gov/pages/early-childhood-update-august-2024/building-blocks-grants-open-applications/current.html,7dc4701e3d22636c0a269e36d29049cf94d2435f62bb8c1c1236c30ca173ade4,2026-09-04T10:38:30Z,2026-10-08T07:31:02Z,active,sitemap/link
https://www.vic.gov.au/early-childhood-update-august-2024/celebrate-early-childhood-educators-day,Celebrate Early Childhood Educators’ Day | vic.gov.au,archive/gov/vic-gov/pages/early-childhood-update-august-2024/celebrate-early-childhood-educators-day/current.html,ffa2bb4458622da9d25b68ed591d954f2f1dff680d3b3856983b918de033010c,2026-09-04T10:38:30Z,2026-10-08T07:31:02Z,active,sitemap/link
https://www.vic.gov.au/early-childhood-update-august-2024/celebrating-national-aboriginal-and-torres-strait-islander-childrens-day,Celebrating National Aboriginal and Torres Strait Islander Children’s Day | vic.gov.au,archive/gov/vic-gov/pages/early-childhood-update-august-2024/celebrating-national-aboriginal-and-torres-strait-islander-childrens-day/current.html,ca3f1dbe4abfdf33d04a0ee5f87d27252c09d9d36ed04cdca7378e6d880bae53,2026-09-04T10:38:30Z,2026-10-08T07:31:02Z,active,sitemap/link
https://www.vic.gov.au/early-childhood-update-august-2024/disability-inclusion-research-kindergartens,Disability inclusion research in kindergartens | vic.gov.au,archive/gov/vic-gov/pages/early-childhood-update-august-2024/disability-inclusion-research-kindergartens/current.html,fd3e2a95d01ec96c91262eec8a3ac57b97446550d7f20744766e1a0fd3fb4f6c,2026-09-04T10:38:30Z,2026-10-08T07:31:02Z,active,sitemap/link
https://www.vic.gov.au/early-childhood-update-august-2024/helping-teachers-and-educators-return-sector,Helping teachers and educators return to the sector | vic.gov.au,archive/gov/vic-gov/pages/early-childhood-update-august-2024/helping-teachers-and-educators-return-sector/current.html,1ceff4957d6e148b580b3554963459d6130428b53b091d3b184178ba4ac10e2b,2026-09-04T10:38:30Z,2026-10-08T07:31:02Z,active,sitemap/link
https://www.vic.gov.au/early-childhood-update-august-2024/its-time-2024-annual-kindergarten-census,It’s time for the 2024 annual kindergarten census | vic.gov.au,archive/gov/vic-gov/pages/early-childhood-update-august-2024/its-time-2024-annual-kindergarten-census/current.html,0ae29ae61e2b1c6e605a33ebd7c091bc848d2b22554ca28fe45c5e6bd99df249,2026-09-04T10:38:30Z,2026-10-08T07:31:02Z,active,sitemap/link
https://www.vic.gov.au/early-childhood-update-august-2024/new-code-keep-children-safe-digital-age,New code to keep children safe in digital age | vic.gov.au,archive/gov/vic-gov/pages/early-childhood-update-august-2024/new-code-keep-children-safe-digital-age/current.html,37dbcf224f1a062b3dcac6f9c4bb8aea8f3d61dc63d06412cf85f6faeeff9cf4,2026-09-04T10:38:30Z,2026-10-08T07:31:02Z,active,sitemap/link
https://www.vic.gov.au/early-childhood-update-august-2024/new-factsheet-captures-evidence-behind-2-years-quality-early-learning,New factsheet captures the evidence behind 2 years of quality early learning | vic.gov.au,archive/gov/vic-gov/pages/early-childhood-update-august-2024/new-factsheet-captures-evidence-behind-2-years-quality-early-learning/current.html,160e5badfa793f12c1b6ab3f8b10de20e0489dce4bf4c526af5613843fd56cc0,2026-09-04T10:38:30Z,2026-10-08T07:31:02Z,active,sitemap/link
https://www.vic.gov.au/early-childhood-update-august-2024/new-system-reporting-kindergarten-data,New system for reporting kindergarten data | vic.gov.au,archive/gov/vic-gov/pages/early-childhood-update-august-2024/new-system-reporting-kindergarten-data/current.html,f18b216224edde5538addfa822ad7379e63e1592ea1f3584c6dd71a561873c3d,2026-09-04T10:38:30Z,2026-10-08T07:31:02Z,active,sitemap/link
https://www.vic.gov.au/early-childhood-update-august-2024/reflecting-naidoc-week,Reflecting on NAIDOC Week | vic.gov.au,archive/gov/vic-gov/pages/early-childhood-update-august-2024/reflecting-naidoc-week/current.html,a440ab842480fdc58f2bb347954b238b14c55618fd2ff61550c5cfb5e2944cb3,2026-09-04T10:38:30Z,2026-10-08T07:31:02Z,active,sitemap/link
https://www.vic.gov.au/early-childhood-update-august-2024/using-social-media-promote-free-kinder,Using social media to promote Free Kinder | vic.gov.au,archive/gov/vic-gov/pages/early-childhood-update-august-2024/using-social-media-promote-free-kinder/current.html,0ce30c7fb641a2b37c157648a62a7689b3366a69443e2bc4a83bdfe3af4e6a71,2026-09-04T10:38:30Z,2026-10-08T07:31:02Z,active,sitemap/link
https://www.vic.gov.au/early-childhood-update-august-2025,Early Childhood Update - August 2025 | vic.gov.au,archive/gov/vic-gov/pages/early-childhood-update-august-2025/current.html,1a38e04d04d34cd30d8598d242b61e81739300c7ddb4156861b66a07715a9592,2026-09-04T10:38:30Z,2026-10-08T07:31:02Z,active,sitemap/link
https://www.vic.gov.au/early-childhood-update-august-2025/2025-annual-kindergarten-census,2025 Annual Kindergarten Census | vic.gov.au,archive/gov/vic-gov/pages/early-childhood-update-august-2025/2025-annual-kindergarten-census/current.html,7fee5a519aed6edce2b03b703bfdef7ab730bff81dbfa8dbb966c516a22807de,2026-09-04T10:38:30Z,2026-10-08T07:31:02Z,active,sitemap/link
https://www.vic.gov.au/early-childhood-update-august-2025/applications-open-for-building-blocks-inclusion-grants,Applications open for Building Blocks Inclusion grants | vic.gov.au,archive/gov/vic-gov/pages/early-childhood-update-august-2025/applications-open-for-building-blocks-inclusion-grants/current.html,eb98c20cb9f1b1936e756f42983a9de36b7c4eaede501b8452c22e862a0885a9,2026-09-04T10:38:30Z,2026-10-08T07:31:02Z,active,sitemap/link
https://www.vic.gov.au/early-childhood-update-august-2025/collection-of-surplus-kinder-kits,Collection of surplus Kinder Kits | vic.gov.au,archive/gov/vic-gov/pages/early-childhood-update-august-2025/collection-of-surplus-kinder-kits/current.html,59bc9ec6a0e81d683e8968e1f3a7c293acd0315c2c399102814b642a0a86552a,2026-09-04T10:38:30Z,2026-10-08T07:31:02Z,active,sitemap/link
https://www.vic.gov.au/early-childhood-update-august-2025/early-childhood-education-and-care-connect-workforce-and-wellbeing-forum,Early Childhood Education and Care Connect+ Workforce and Wellbeing Forum | vic.gov.au,archive/gov/vic-gov/pages/early-childhood-update-august-2025/early-childhood-education-and-care-connect-workforce-and-wellbeing-forum/current.html,49dd62433245eea8c1fb3c866ef9df5a54819e7936c99bb0280301eed4c6574b,2026-09-04T10:38:30Z,2026-10-08T07:31:02Z,active,sitemap/link
https://www.vic.gov.au/early-childhood-update-august-2025/early-childhood-educators-day,Early Childhood Educators' Day | vic.gov.au,archive/gov/vic-gov/pages/early-childhood-update-august-2025/early-childhood-educators-day/current.html,df73a16ddd230d08eba18db0d8e5e8622168601422c9238dc697f37be3e07db6,2026-09-04T10:38:30Z,2026-10-08T07:31:02Z,active,sitemap/link
https://www.vic.gov.au/early-childhood-update-august-2025/early-childhood-workforce-register,Early Childhood Workforce Register | vic.gov.au,archive/gov/vic-gov/pages/early-childhood-update-august-2025/early-childhood-workforce-register/current.html,e9981eedc503f8a524f3fd08f62b823b490fe83fab07a67bcc874df0530f7dc6,2026-09-04T10:38:30Z,2026-10-08T07:31:02Z,active,sitemap/link
https://www.vic.gov.au/early-childhood-update-august-2025/early-years-assessment-and-learning-tool-mid-year-intake,Early Years Assessment and Learning Tool mid-year intake | vic.gov.au,archive/gov/vic-gov/pages/early-childhood-update-august-2025/early-years-assessment-and-learning-tool-mid-year-intake/current.html,8b794f104f860b0ed5eebc8e16689bd88a020f90e27634b67293fa923dad806e,2026-09-04T10:38:30Z,2026-10-08T07:31:02Z,active,sitemap/link
https://www.vic.gov.au/early-childhood-update-august-2025/fresh-safety-measures-across-early-childhood-sector,Fresh safety measures across the early childhood sector | vic.gov.au,archive/gov/vic-gov/pages/early-childhood-update-august-2025/fresh-safety-measures-across-early-childhood-sector/current.html,a6a9565f4a8f54d1b39eae0e0f93fbc004ca3eafe40b654bb4443dbdb47185c7,2026-09-04T10:38:30Z,2026-10-08T07:31:02Z,active,sitemap/link
https://www.vic.gov.au/early-childhood-update-august-2025/improvements-make-transition-learning-and-development-statements-faster-and-easier,"Improvements make Transition Learning and Development Statements faster and easier, helping the transition to primary school | vic.gov.au",archive/gov/vic-gov/pages/early-childhood-update-august-2025/improvements-make-transition-learning-and-development-statements-faster-and-easier/current.html,cdee88cd987d90e29f2855bfe987e144984c50c331e72619263667ec0d1a7e79,2026-09-04T10:38:30Z,2026-10-08T07:31:02Z,active,sitemap/link
https://www.vic.gov.au/early-childhood-update-august-2025/information-sharing-and-maram-reforms,Information sharing and MARAM reforms | vic.gov.au,archive/gov/vic-gov/pages/early-childhood-update-august-2025/information-sharing-and-maram-reforms/current.html,63c0ebac1f9d2d5a0e8d60ade34e18bd66a52f130778b43bef99b635df08d0a5,2026-09-04T10:38:30Z,2026-10-08T07:31:02Z,active,sitemap/link
https://www.vic.gov.au/early-childhood-update-august-2025/supports-for-early-career-teachers-and-educators,Supports for early career teachers and educators | vic.gov.au,archive/gov/vic-gov/pages/early-childhood-update-august-2025/supports-for-early-career-teachers-and-educators/current.html,72214a60a2f1137c70d607db2a219477777329871e752da20ed91ab20991002f,2026-09-04T10:38:30Z,2026-10-08T07:31:02Z,active,sitemap/link
https://www.vic.gov.au/early-childhood-update-august-2025/the-journey-to-excellence,The journey to excellence | vic.gov.au,archive/gov/vic-gov/pages/early-childhood-update-august-2025/the-journey-to-excellence/current.html,9a7d360bcc998f61e527b895e8ff7f444e75256f51a99bc36d9141b855cc7637,2026-09-04T10:38:30Z,2026-10-08T07:31:02Z,active,sitemap/link
https://www.vic.gov.au/early-childhood-update-august-2025/updated-koorie-kids-shine-communications-resource,Updated Koorie Kids Shine communications resource | vic.gov.au,archive/gov/vic-gov/pages/early-childhood-update-august-2025/updated-koorie-kids-shine-communications-resource/current.html,ede70d33cf584e5f521f998e55bb3b760578c429150a2e5d09377c3a7e81f9a1,2026-09-04T10:38:30Z,2026-10-08T07:31:02Z,active,sitemap/link
https://www.vic.gov.au/early-childhood-update-august-2025/using-the-early-childhood-workforce-retention-guide,Using the Early Childhood Workforce Retention Guide | vic.gov.au,archive/gov/vic-gov/pages/early-childhood-update-august-2025/using-the-early-childhood-workforce-retention-guide/current.html,002920017d0559e4e86278eda502adc9b23165eececa13c45ec9d876986a378f,2026-09-04T10:38:30Z,2026-10-08T07:31:02Z,active,sitemap/link
https://www.vic.gov.au/early-childhood-update-august-2026,Early Childhood Update - August 2026 | vic.gov.au,archive/gov/vic-gov/pages/early-childhood-update-august-2026/current.html,c7a39ab62b95579008295b1efde98f15ce8b97bb60d6698e0a085072f9215892,2026-09-04T10:38:30Z,2026-10-08T07:31:02Z,active,sitemap/link
https://www.vic.gov.au/early-childhood-update-august-2026/2026-annual-kindergarten-census,2026 Annual Kindergarten Census | vic.gov.au,archive/gov/vic-gov/pages/early-childhood-update-august-2026/2026-annual-kindergarten-census/current.html,21e8e13ddfb4cb2bfcfd1eea6bab2877dcf9301da15707aee227293e3ed359c5,2026-09-04T10:38:30Z,2026-10-08T07:31:02Z,active,sitemap/link
https://www.vic.gov.au/early-childhood-update-august-2026/canine-companion-classroom-supports-connection-and-inclusion,A canine companion in the classroom supports connection and inclusion | vic.gov.au,archive/gov/vic-gov/pages/early-childhood-update-august-2026/canine-companion-classroom-supports-connection-and-inclusion/current.html,e23470c1fe7013cf017b3e853e20cb363559e01db44dfec49f1058327a5ff760,2026-09-04T10:38:30Z,2026-10-08T07:31:02Z,active,sitemap/link
https://www.vic.gov.au/early-childhood-update-august-2026/child-safety-and-protection-training,Child safety and protection training | vic.gov.au,archive/gov/vic-gov/pages/early-childhood-update-august-2026/child-safety-and-protection-training/current.html,75a7dabe7a1241aa499748dc9d24d58021a2adf15d23f2f4689c532bf5c08328,2026-09-04T10:38:30Z,2026-10-08T07:31:02Z,active,sitemap/link
https://www.vic.gov.au/early-childhood-update-august-2026/collection-surplus-kinder-kits,Collection of surplus Kinder Kits | vic.gov.au,archive/gov/vic-gov/pages/early-childhood-update-august-2026/collection-surplus-kinder-kits/current.html,f57c98c4e1661cffb185367e4b58537a88a36a1b8b9e3cb0221153b06d626efd,2026-09-04T10:38:30Z,2026-10-08T07:31:02Z,active,sitemap/link
https://www.vic.gov.au/early-childhood-update-august-2026/completing-2026-transition-learning-and-development-statements,Completing 2026 Transition Learning and Development Statements | vic.gov.au,archive/gov/vic-gov/pages/early-childhood-update-august-2026/completing-2026-transition-learning-and-development-statements/current.html,f29909a059511abfbfdfa60d38d78be4acc95521cea38d1d4e2b517193066443,2026-09-04T10:38:30Z,2026-10-08T07:31:02Z,active,sitemap/link
https://www.vic.gov.au/early-childhood-update-august-2026/early-childhood-aboriginal-pathways-scholarships-supporting-emerging-sector-leaders-start,Early Childhood Aboriginal Pathways Scholarships supporting emerging sector leaders from the start | vic.gov.au,archive/gov/vic-gov/pages/early-childhood-update-august-2026/early-childhood-aboriginal-pathways-scholarships-supporting-emerging-sector-leaders-start/current.html,dffe894dc07053ea2edd530914f04d5055adb9a94a1ea8c06243ac07c0b94d06,2026-09-04T10:38:30Z,2026-10-08T07:31:02Z,active,sitemap/link
https://www.vic.gov.au/early-childhood-update-august-2026/early-childhood-educators-day-2026,Early Childhood Educators’ Day 2026 | vic.gov.au,archive/gov/vic-gov/pages/early-childhood-update-august-2026/early-childhood-educators-day-2026/current.html,054c83798136c582cb264f1732322d26bd6d57c0d6eb9be517ef4e994673db6a,2026-09-04T10:38:30Z,2026-10-08T07:31:02Z,active,sitemap/link
https://www.vic.gov.au/early-childhood-update-august-2026/provisionally-registered-teacher-grants-program,Provisionally Registered Teacher Grants program | vic.gov.au,archive/gov/vic-gov/pages/early-childhood-update-august-2026/provisionally-registered-teacher-grants-program/current.html,6131ab966911daf6ed585f0d82146ef1137fe24406b9b744a9ef612f7f68ed06,2026-09-04T10:38:30Z,2026-10-08T07:31:02Z,active,sitemap/link
https://www.vic.gov.au/early-childhood-update-august-2026/save-date-celebrate-educators,Save the date to celebrate educators | vic.gov.au,archive/gov/vic-gov/pages/early-childhood-update-august-2026/save-date-celebrate-educators/current.html,5b710a7b3961613ed07e0bf936741fbef3f8a21acc2b70fb4474775fff7d071e,2026-09-04T10:38:30Z,2026-10-08T07:31:02Z,active,sitemap/link
https://www.vic.gov.au/early-childhood-update-august-2026/supporting-children-disability-transition-school,Supporting children with a disability to transition to school | vic.gov.au,archive/gov/vic-gov/pages/early-childhood-update-august-2026/supporting-children-disability-transition-school/current.html,7071f0d6408b09aab515c9767f19ff1a1fe86421694812c1f06b7c2d09e1eef0,2026-09-04T10:38:30Z,2026-10-08T07:31:02Z,active,sitemap/link
https://www.vic.gov.au/early-childhood-update-august-2026/training-information-sharing-and-maram-reforms,Training for information sharing and MARAM reforms | vic.gov.au,archive/gov/vic-gov/pages/early-childhood-update-august-2026/training-information-sharing-and-maram-reforms/current.html,1a438d88f082e3eb28e9a8f4b118eaa9747274c6b10913bbe1ab1b6935dc2fb8,2026-09-04T10:38:30Z,2026-10-08T07:31:02Z,active,sitemap/link
https://www.vic.gov.au/early-childhood-update-december-2024,Early Childhood Update - December 2024 | vic.gov.au,archive/gov/vic-gov/pages/early-childhood-update-december-2024/current.html,8b4c5bf0b9d2a8470eb0dc099f7f03144d801edcd00a23a55776e8876983d056,2026-09-04T10:38:30Z,2026-10-08T07:31:02Z,active,sitemap/link
https://www.vic.gov.au/early-childhood-update-december-2024/accessing-arrival-2025,Accessing Arrival in 2025 | vic.gov.au,archive/gov/vic-gov/pages/early-childhood-update-december-2024/accessing-arrival-2025/current.html,6941df1e055503b5b2ac0dae6f1494cd14a5881dfd9a0e097050f6f516404330,2026-09-04T10:38:30Z,2026-10-08T07:31:02Z,active,sitemap/link
https://www.vic.gov.au/early-childhood-update-december-2024/applications-open-building-blocks-capacity-building-grants,Applications open for Building Blocks Capacity Building grants | vic.gov.au,archive/gov/vic-gov/pages/early-childhood-update-december-2024/applications-open-building-blocks-capacity-building-grants/current.html,b006cdc0223fc80a03716f70fbf8eed4f54ce676c7cae54fd75e065a660e822e,2026-09-04T10:38:30Z,2026-10-08T07:31:02Z,active,sitemap/link
https://www.vic.gov.au/early-childhood-update-december-2024/applications-open-toy-library-grants-program,Applications open for Toy Library Grants Program | vic.gov.au,archive/gov/vic-gov/pages/early-childhood-update-december-2024/applications-open-toy-library-grants-program/current.html,e7dea80ddcf35b6698781b44d66ce9099550c7cf86b4890f70eb69f4a1b7e09c,2026-09-04T10:38:30Z,2026-10-08T07:31:02Z,active,sitemap/link
https://www.vic.gov.au/early-childhood-update-december-2024/check-out-new-pre-prep-calculator,Check out the new Pre-Prep Calculator | vic.gov.au,archive/gov/vic-gov/pages/early-childhood-update-december-2024/check-out-new-pre-prep-calculator/current.html,dd2d190d5c819ab4d07a509fbdca29575c1e6cc5c121e137bd8cd401cf14ea04,2026-09-04T10:38:30Z,2026-10-08T07:31:02Z,active,sitemap/link
https://www.vic.gov.au/early-childhood-update-december-2024/early-childhood-education-and-care-staff-survey-2024,Early Childhood Education and Care Staff Survey 2024 | vic.gov.au,archive/gov/vic-gov/pages/early-childhood-update-december-2024/early-childhood-education-and-care-staff-survey-2024/current.html,6cfa937e6a7be090f0e2c530df42f570fd77de8a8648ed97772079069e839187,2026-09-04T10:38:30Z,2026-10-08T07:31:02Z,active,sitemap/link
https://www.vic.gov.au/early-childhood-update-december-2024/kinder-kits-2025,Kinder Kits for 2025 | vic.gov.au,archive/gov/vic-gov/pages/early-childhood-update-december-2024/kinder-kits-2025/current.html,6f633eb68ae384f95abb1c17e8008e9251ad35fb75e86491b42df1cf53a31167,2026-09-04T10:38:30Z,2026-10-08T07:31:02Z,active,sitemap/link
https://www.vic.gov.au/early-childhood-update-december-2024/looking-new-kindergarten-year,Looking to the new kindergarten year | vic.gov.au,archive/gov/vic-gov/pages/early-childhood-update-december-2024/looking-new-kindergarten-year/current.html,993d6bbb25cb67ffe9719d3d3e880adb7a701acecd837d79cf87f8d5c5b09a89,2026-09-04T10:38:30Z,2026-10-08T07:31:02Z,active,sitemap/link
https://www.vic.gov.au/early-childhood-update-december-2024/new-provider-early-childhood-language-services,New provider for early childhood language services | vic.gov.au,archive/gov/vic-gov/pages/early-childhood-update-december-2024/new-provider-early-childhood-language-services/current.html,63154658bb8d35c5584255ff724e145bddea3d32500af131f267355071221a93,2026-09-04T10:38:30Z,2026-10-08T07:31:02Z,active,sitemap/link
https://www.vic.gov.au/early-childhood-update-december-2024/raising-children-victoria-survey,Raising Children in Victoria survey | vic.gov.au,archive/gov/vic-gov/pages/early-childhood-update-december-2024/raising-children-victoria-survey/current.html,8952fa4b69a4844933b46336ee2c88d72dbcf236bd4af947d404939c1b80323b,2026-09-04T10:38:30Z,2026-10-08T07:31:02Z,active,sitemap/link
https://www.vic.gov.au/early-childhood-update-december-2024/reflections-2024-and-looking-ahead-year-come,Reflections on 2024 and looking ahead to the year to come | vic.gov.au,archive/gov/vic-gov/pages/early-childhood-update-december-2024/reflections-2024-and-looking-ahead-year-come/current.html,21784d50bb73674a5f38b9cc8e0ecda3d3a973c28bfb27f0f636a2510cf21998,2026-09-04T10:38:30Z,2026-10-08T07:31:02Z,active,sitemap/link
https://www.vic.gov.au/early-childhood-update-december-2024/school-saving-bonus-now-available-children-transitioning-school,School Saving Bonus now available for children transitioning to school | vic.gov.au,archive/gov/vic-gov/pages/early-childhood-update-december-2024/school-saving-bonus-now-available-children-transitioning-school/current.html,7597c0720e3ed26e5d0cb13ab9329834c6efa8db90fe55d136a123fb34ba7a40,2026-09-04T10:38:30Z,2026-10-08T07:31:02Z,active,sitemap/link
https://www.vic.gov.au/early-childhood-update-december-2024/victorian-early-years-awards-2024-winners-announced,Victorian Early Years Awards 2024 winners announced | vic.gov.au,archive/gov/vic-gov/pages/early-childhood-update-december-2024/victorian-early-years-awards-2024-winners-announced/current.html,c3acf457af456860f82b6f25599e1fb56e3e858b900f040a80a3500de69196d6,2026-09-04T10:38:30Z,2026-10-08T07:31:02Z,active,sitemap/link
https://www.vic.gov.au/early-childhood-update-december-2024/victorias-skilled-visa-nomination-program-boosting-our-early-childhood-workforce,Victoria’s skilled visa nomination program boosting our early childhood workforce | vic.gov.au,archive/gov/vic-gov/pages/early-childhood-update-december-2024/victorias-skilled-visa-nomination-program-boosting-our-early-childhood-workforce/current.html,ae7b7a1fff4c63fa51e47e0214397a5c90544a3d4223b5055e9d4ae3e1a63439,2026-09-04T10:38:30Z,2026-10-08T07:31:02Z,active,sitemap/link
https://www.vic.gov.au/early-childhood-update-december-2025,Early Childhood Update - December 2025 | vic.gov.au,archive/gov/vic-gov/pages/early-childhood-update-december-2025/current.html,3de99adff5ac764f785f673dbd611c3e6ed24917d7754c8c6c76094bf6691db9,2026-09-04T10:38:30Z,2026-10-08T07:31:02Z,active,sitemap/link
https://www.vic.gov.au/early-childhood-update-december-2025/conversations-families-about-pre-prep,Conversations with families about Pre-Prep | vic.gov.au,archive/gov/vic-gov/pages/early-childhood-update-december-2025/conversations-families-about-pre-prep/current.html,2ed267b273a55c46ccc9a0f6e6f0f9ea289f9cd27386952e5f1b921036aa9667,2026-09-04T10:38:30Z,2026-10-08T07:31:02Z,active,sitemap/link
https://www.vic.gov.au/early-childhood-update-december-2025/creating-classroom-where-diversity-embraced-and-celebrated,Creating a classroom where diversity is embraced and celebrated | vic.gov.au,archive/gov/vic-gov/pages/early-childhood-update-december-2025/creating-classroom-where-diversity-embraced-and-celebrated/current.html,73e26f7e5c582ff035df77d885a3d65eee511ab3044faa79d8046f9576980819,2026-09-04T10:38:30Z,2026-10-08T07:31:02Z,active,sitemap/link
https://www.vic.gov.au/early-childhood-update-december-2025/early-childhood-workforce-register,Early Childhood Workforce Register | vic.gov.au,archive/gov/vic-gov/pages/early-childhood-update-december-2025/early-childhood-workforce-register/current.html,8213d1caf03564ddf530bb397fd84675824cf59977a49a5e3a8dc64059f33f9c,2026-09-04T10:38:30Z,2026-10-08T07:31:02Z,active,sitemap/link
https://www.vic.gov.au/early-childhood-update-december-2025/free-public-transport,Free public transport | vic.gov.au,archive/gov/vic-gov/pages/early-childhood-update-december-2025/free-public-transport/current.html,b88639337439ac116642619f781436f47296d47149dfa1c60d0160b84a759587,2026-09-04T10:38:30Z,2026-10-08T07:31:02Z,active,sitemap/link
https://www.vic.gov.au/early-childhood-update-december-2025/get-ready-new-kindergarten-year,Get ready for the new kindergarten year | vic.gov.au,archive/gov/vic-gov/pages/early-childhood-update-december-2025/get-ready-new-kindergarten-year/current.html,9fe911c466f4e2ca2c60ac560b0f7dd24356203363b73d3498ff40c7b733d444,2026-09-04T10:38:30Z,2026-10-08T07:31:02Z,active,sitemap/link
https://www.vic.gov.au/early-childhood-update-december-2025/kinder-kits-2026,Kinder Kits for 2026 | vic.gov.au,archive/gov/vic-gov/pages/early-childhood-update-december-2025/kinder-kits-2026/current.html,c46cafa310352d6ac583b5feeaac655516a61e7c14fb0c78d4323fa03cfbc136,2026-09-04T10:38:30Z,2026-10-08T07:31:02Z,active,sitemap/link
https://www.vic.gov.au/early-childhood-update-december-2025/reflecting-2025-and-looking-new-year,Reflecting on 2025 and looking to the new year | vic.gov.au,archive/gov/vic-gov/pages/early-childhood-update-december-2025/reflecting-2025-and-looking-new-year/current.html,df933bd052477aaa6f1af2bc8a85cdf96668469ecf4294f238b3c0b572a3a1b1,2026-09-04T10:38:30Z,2026-10-08T07:31:02Z,active,sitemap/link
https://www.vic.gov.au/early-childhood-update-december-2025/scholarship-opens-door-lifelong-dream-early-childhood-educator,Scholarship opens door to lifelong dream for early childhood educator | vic.gov.au,archive/gov/vic-gov/pages/early-childhood-update-december-2025/scholarship-opens-door-lifelong-dream-early-childhood-educator/current.html,22efe222d45e1a550d57c24dc9202748d7948310023e8b5e3f6305aa31094d01,2026-09-04T10:38:30Z,2026-10-08T07:31:02Z,active,sitemap/link
https://www.vic.gov.au/early-childhood-update-december-2025/victorian-early-years-awards-2025-winners,Victorian Early Years Awards 2025 winners | vic.gov.au,archive/gov/vic-gov/pages/early-childhood-update-december-2025/victorian-early-years-awards-2025-winners/current.html,c014c54080a17d12e0866f4d82a7498a2c99bb274584d102bbd5402616d25732,2026-09-04T10:38:30Z,2026-10-08T07:31:02Z,active,sitemap/link
https://www.vic.gov.au/early-childhood-update-december-2025/victorian-skilled-visa-nomination-program,Victorian Skilled Visa Nomination program | vic.gov.au,archive/gov/vic-gov/pages/early-childhood-update-december-2025/victorian-skilled-visa-nomination-program/current.html,245b8830a9f12374985a96d5c2beaf0cfd0e7bf22b38eb2f16aa7f4b08b1b02a,2026-09-04T10:38:30Z,2026-10-08T07:31:02Z,active,sitemap/link
https://www.vic.gov.au/early-childhood-update-february-2024,Early Childhood Update - February 2024 | vic.gov.au,archive/gov/vic-gov/pages/early-childhood-update-february-2024/current.html,f6b2dc661c18932d67fdfabe2878e47ea1936ad0a3429e790a0650a9d461ac61,2026-09-04T10:38:30Z,2026-10-08T07:31:02Z,active,sitemap/link
https://www.vic.gov.au/early-childhood-update-february-2024/best-start-best-life-evening-leadership-series,"Best Start, Best Life Evening Leadership Series | vic.gov.au",archive/gov/vic-gov/pages/early-childhood-update-february-2024/best-start-best-life-evening-leadership-series/current.html,72ebde1356bd230baf846e039016d48961427cee64db2210e8221b773c8d85c8,2026-09-04T10:38:30Z,2026-10-08T07:31:02Z,active,sitemap/link
https://www.vic.gov.au/early-childhood-update-february-2024/building-our-workforce-through-early-childhood-tertiary,Building our workforce through Early Childhood Tertiary Partnerships | vic.gov.au,archive/gov/vic-gov/pages/early-childhood-update-february-2024/building-our-workforce-through-early-childhood-tertiary/current.html,81dd962dd81dcd15e84ad48223330227939777e94dd97f77edbc81bee3a34978,2026-09-04T10:38:30Z,2026-10-08T07:31:02Z,active,sitemap/link
https://www.vic.gov.au/early-childhood-update-february-2024/complying-australias-foreign-relations-act,Complying with Australia’s Foreign Relations Act | vic.gov.au,archive/gov/vic-gov/pages/early-childhood-update-february-2024/complying-australias-foreign-relations-act/current.html,78a994d0392d233c4075602f4d223074d01d99b790b9745f626cdadae1b58e5d,2026-09-04T10:38:30Z,2026-10-08T07:31:02Z,active,sitemap/link
https://www.vic.gov.au/early-childhood-update-february-2024/enhancing-disability-inclusion-victorian-kindergartens,Enhancing disability inclusion in Victorian kindergartens | vic.gov.au,archive/gov/vic-gov/pages/early-childhood-update-february-2024/enhancing-disability-inclusion-victorian-kindergartens/current.html,2c5e989b153c85c1a0f11540adf5f7ee48ee71890095c7265f77118744f5968a,2026-09-04T10:38:30Z,2026-10-08T07:31:02Z,active,sitemap/link
https://www.vic.gov.au/early-childhood-update-february-2024/express-your-interest-victorian-educational-leadership-program,Express your interest in the Victorian Educational Leadership Program | vic.gov.au,archive/gov/vic-gov/pages/early-childhood-update-february-2024/express-your-interest-victorian-educational-leadership-program/current.html,6af3f5d0659e814b60f02d23bcc60597196171e7d9ae341b06e6d1d094cfeeb4,2026-09-04T10:38:30Z,2026-10-08T07:31:02Z,active,sitemap/link
https://www.vic.gov.au/early-childhood-update-february-2024/kinder-kits-are-here-2024,Kinder Kits are here for 2024! | vic.gov.au,archive/gov/vic-gov/pages/early-childhood-update-february-2024/kinder-kits-are-here-2024/current.html,63f80f11a397d7a62f710988842e26137282debda2866a02c1cce767ee453865,2026-09-04T10:38:30Z,2026-10-08T07:31:02Z,active,sitemap/link
https://www.vic.gov.au/early-childhood-update-february-2024/protecting-against-mosquito-borne-diseases,Protecting against mosquito-borne diseases | vic.gov.au,archive/gov/vic-gov/pages/early-childhood-update-february-2024/protecting-against-mosquito-borne-diseases/current.html,ac2e7b23891f8280862b6ae8dab35cd5f58e8f435ae6c75b11200c1c056f16aa,2026-09-04T10:38:30Z,2026-10-08T07:31:02Z,active,sitemap/link
https://www.vic.gov.au/early-childhood-update-february-2024/support-our-revision-victorian-early-years-learning,Support our revision of the Victorian Early Years Learning and Development Framework | vic.gov.au,archive/gov/vic-gov/pages/early-childhood-update-february-2024/support-our-revision-victorian-early-years-learning/current.html,73dba9eae69c260cb962a93bac0c9cd593a7d8a2aa6939c291d35bc40b00de01,2026-09-04T10:38:30Z,2026-10-08T07:31:02Z,active,sitemap/link
https://www.vic.gov.au/early-childhood-update-february-2024/supporting-our-workforce-through-best-start-best-life-reforms,"Supporting our workforce through Best Start, Best Life reforms | vic.gov.au",archive/gov/vic-gov/pages/early-childhood-update-february-2024/supporting-our-workforce-through-best-start-best-life-reforms/current.html,fab8190744d861c7f8bfe243b7922ecff219eb62233153f40b1ac0d762566420,2026-09-04T10:38:30Z,2026-10-08T07:31:02Z,active,sitemap/link
https://www.vic.gov.au/early-childhood-update-february-2024/victorian-early-childhood-teacher-and-educator-incentives,Victorian Early Childhood Teacher and Educator Incentives programs for 2023–24 | vic.gov.au,archive/gov/vic-gov/pages/early-childhood-update-february-2024/victorian-early-childhood-teacher-and-educator-incentives/current.html,eb671c755866e243d9712828bc47ca14ff7d7b6269667ace54f33087c4e6fa90,2026-09-04T10:38:30Z,2026-10-08T07:31:02Z,active,sitemap/link
https://www.vic.gov.au/early-childhood-update-february-2024/victorias-visa-program-ready-boost-our-workforce,Victoria’s visa program ready to boost our workforce | vic.gov.au,archive/gov/vic-gov/pages/early-childhood-update-february-2024/victorias-visa-program-ready-boost-our-workforce/current.html,9fd1f286d461e0a12ee182e004938aff60fd1913eb9aca3201f6c2f480fd8342,2026-09-04T10:38:30Z,2026-10-08T07:31:02Z,active,sitemap/link
https://www.vic.gov.au/early-childhood-update-february-2024/welcome-2024,Welcome to 2024 | vic.gov.au,archive/gov/vic-gov/pages/early-childhood-update-february-2024/welcome-2024/current.html,5e6c3f8032652630d8300a1e4a4a52be1278124dd2428d6ecabc0c1d618fcbd4,2026-09-04T10:38:30Z,2026-10-08T07:31:02Z,active,sitemap/link
https://www.vic.gov.au/early-childhood-update-february-2025,Early Childhood Update - February 2025 | vic.gov.au,archive/gov/vic-gov/pages/early-childhood-update-february-2025/current.html,009e8acdfbd107e9fcba8f294b291edb3ab19314dc5edc79ab72f3f3c23f0e39,2026-09-04T10:38:30Z,2026-10-08T07:31:02Z,active,sitemap/link
https://www.vic.gov.au/early-childhood-update-february-2025/be-you,Be You | vic.gov.au,archive/gov/vic-gov/pages/early-childhood-update-february-2025/be-you/current.html,ec2c41b79b383494f4d32ea18859e5c78ade97f65e6a37d3579a278a05a1dd1c,2026-09-04T10:38:30Z,2026-10-08T07:31:02Z,active,sitemap/link
https://www.vic.gov.au/early-childhood-update-february-2025/coaching-supports-early-childhood-professionals,Coaching supports for early childhood professionals | vic.gov.au,archive/gov/vic-gov/pages/early-childhood-update-february-2025/coaching-supports-early-childhood-professionals/current.html,a0de00b400d7ec8b59c5ef27de1add705a6dbf32c45716697c408004f8b117e6,2026-09-04T10:38:30Z,2026-10-08T07:31:02Z,active,sitemap/link
https://www.vic.gov.au/early-childhood-update-february-2025/complying-australias-foreign-relations-act,Complying with Australia’s Foreign Relations Act | vic.gov.au,archive/gov/vic-gov/pages/early-childhood-update-february-2025/complying-australias-foreign-relations-act/current.html,7690397b3d28ed3797df346cc27723b51a746e7199d0973e4bc5e5c72327fd59,2026-09-04T10:38:30Z,2026-10-08T07:31:02Z,active,sitemap/link
https://www.vic.gov.au/early-childhood-update-february-2025/effective-mentoring-program-experienced-teachers,Effective Mentoring Program for experienced teachers | vic.gov.au,archive/gov/vic-gov/pages/early-childhood-update-february-2025/effective-mentoring-program-experienced-teachers/current.html,b95dbf2b5767a41cc1ad2c7a33cfc1e7ce1ab0da282f40bb2e90a4a12dbf9f38,2026-09-04T10:38:30Z,2026-10-08T07:31:02Z,active,sitemap/link
https://www.vic.gov.au/early-childhood-update-february-2025/helping-early-childhood-education-trainees-gaining-edge,Helping early childhood education trainees with Gaining the Edge | vic.gov.au,archive/gov/vic-gov/pages/early-childhood-update-february-2025/helping-early-childhood-education-trainees-gaining-edge/current.html,b11b442162a05b92c58026d051bdb8213a0577810f46b9f7af791c170398f8f4,2026-09-04T10:38:30Z,2026-10-08T07:31:02Z,active,sitemap/link
https://www.vic.gov.au/early-childhood-update-february-2025/introducing-arrival,Introducing Arrival | vic.gov.au,archive/gov/vic-gov/pages/early-childhood-update-february-2025/introducing-arrival/current.html,8a6ba1752250533c48e129e3f9dede0e5a9823f8ce5e54e4a6fc7e337b7bfb60,2026-09-04T10:38:30Z,2026-10-08T07:31:02Z,active,sitemap/link
https://www.vic.gov.au/early-childhood-update-february-2025/kinder-kits-are-here-2025,Kinder Kits are here for 2025! | vic.gov.au,archive/gov/vic-gov/pages/early-childhood-update-february-2025/kinder-kits-are-here-2025/current.html,45e6df8f11f72304ab3f1973beab84368e55e6d856939e8b56e75e19fad507ab,2026-09-04T10:38:30Z,2026-10-08T07:31:02Z,active,sitemap/link
https://www.vic.gov.au/early-childhood-update-february-2025/learn-more-about-skilled-visa-nomination-program,Learn more about the skilled visa nomination program | vic.gov.au,archive/gov/vic-gov/pages/early-childhood-update-february-2025/learn-more-about-skilled-visa-nomination-program/current.html,faa24c585bdedd76849935413e19369a3a3e3e01130d8f1997e6e5abc9e2e7fc,2026-09-04T10:38:30Z,2026-10-08T07:31:02Z,active,sitemap/link
https://www.vic.gov.au/early-childhood-update-february-2025/looking-after-your-health-and-wellbeing,Looking after your health and wellbeing | vic.gov.au,archive/gov/vic-gov/pages/early-childhood-update-february-2025/looking-after-your-health-and-wellbeing/current.html,70e06772649fe935e824cb25500683071715d99c295e075c23f65acf9080af3c,2026-09-04T10:38:30Z,2026-10-08T07:31:02Z,active,sitemap/link
https://www.vic.gov.au/early-childhood-update-february-2025/new-early-learning-and-childcare-centres-now-open,New early learning and childcare centres now open | vic.gov.au,archive/gov/vic-gov/pages/early-childhood-update-february-2025/new-early-learning-and-childcare-centres-now-open/current.html,86fc3d1f9ed0830d82a5d5fbb4f4c0fbbc765583efbaa244ccb70de92db6de0a,2026-09-04T10:38:30Z,2026-10-08T07:31:02Z,active,sitemap/link
https://www.vic.gov.au/early-childhood-update-february-2025/reflecting-leadership,Reflecting on leadership | vic.gov.au,archive/gov/vic-gov/pages/early-childhood-update-february-2025/reflecting-leadership/current.html,e19b3204bf670d6263d16ce5099ee4ac19c51ce511739248edcc5bcc8b108dd3,2026-09-04T10:38:30Z,2026-10-08T07:31:02Z,active,sitemap/link
https://www.vic.gov.au/early-childhood-update-february-2025/support-services-expand-their-education-programs,Support for services to expand their education programs | vic.gov.au,archive/gov/vic-gov/pages/early-childhood-update-february-2025/support-services-expand-their-education-programs/current.html,a3bf36ca1681fdc78176503aed4b0c94a6887f516f5c6cfe5eb88db06828447b,2026-09-04T10:38:30Z,2026-10-08T07:31:02Z,active,sitemap/link
https://www.vic.gov.au/early-childhood-update-february-2025/welcome-2025,Welcome to 2025 | vic.gov.au,archive/gov/vic-gov/pages/early-childhood-update-february-2025/welcome-2025/current.html,1641de98ae27429b676bb5e9afc866e41aebf51a7ac3421e64f3ba234e3ebf8e,2026-09-04T10:38:30Z,2026-10-08T07:31:02Z,active,sitemap/link
https://www.vic.gov.au/early-childhood-update-february-2025/welcome-new-year-learning,Welcome to a new year of learning | vic.gov.au,archive/gov/vic-gov/pages/early-childhood-update-february-2025/welcome-new-year-learning/current.html,d30cbe4356cd9a3a3c97a23709d2674a25f2f901b688b0ae0148b9ec533d0635,2026-09-04T10:38:30Z,2026-10-08T07:31:02Z,active,sitemap/link
https://www.vic.gov.au/early-childhood-update-february-2026,Early Childhood Update - February 2026 | vic.gov.au,archive/gov/vic-gov/pages/early-childhood-update-february-2026/current.html,69066c5a4add02a5bb2546e632f8f871f0a779530b5a701db6c593b5eab22285,2026-09-04T10:38:30Z,2026-10-08T07:31:02Z,active,sitemap/link
https://www.vic.gov.au/early-childhood-update-february-2026/applications-open-2026-toy-library-grants-program,Applications open for the 2026 Toy Library Grants program | vic.gov.au,archive/gov/vic-gov/pages/early-childhood-update-february-2026/applications-open-2026-toy-library-grants-program/current.html,ea72e46156c35fa08b1c1369e5b827bb227d30d81e3977ea56fadf46e9694e66,2026-09-04T10:38:30Z,2026-10-08T07:31:02Z,active,sitemap/link
https://www.vic.gov.au/early-childhood-update-february-2026/building-future-early-learning,Building a future in early learning | vic.gov.au,archive/gov/vic-gov/pages/early-childhood-update-february-2026/building-future-early-learning/current.html,525a7ddbe987ef676f2d5bf7884a3e1186536f157599e7654c10478072880aa4,2026-09-04T10:38:30Z,2026-10-08T07:31:02Z,active,sitemap/link
https://www.vic.gov.au/early-childhood-update-february-2026/complying-australias-foreign-relations-act,Complying with Australia’s Foreign Relations Act | vic.gov.au,archive/gov/vic-gov/pages/early-childhood-update-february-2026/complying-australias-foreign-relations-act/current.html,5fe7c28f79dd16cc01268414e55ee74ea1ceb2c8a8e658ab452d12fbb491451b,2026-09-04T10:38:30Z,2026-10-08T07:31:02Z,active,sitemap/link
https://www.vic.gov.au/early-childhood-update-february-2026/empowering-educational-leaders,Empowering educational leaders | vic.gov.au,archive/gov/vic-gov/pages/early-childhood-update-february-2026/empowering-educational-leaders/current.html,461b06df63ebc8a280b112b46a0199858bb64b61d286f812bc6871be0b118608,2026-09-04T10:38:30Z,2026-10-08T07:31:02Z,active,sitemap/link
https://www.vic.gov.au/early-childhood-update-february-2026/hosting-students-placement-2026,Hosting students on placement in 2026 | vic.gov.au,archive/gov/vic-gov/pages/early-childhood-update-february-2026/hosting-students-placement-2026/current.html,6503c91996960093ac6371f6b9b901f3265970bca5fa26051e18bed16a3654a1,2026-09-04T10:38:30Z,2026-10-08T07:31:02Z,active,sitemap/link
https://www.vic.gov.au/early-childhood-update-february-2026/information-sharing-and-child-link-update,Information Sharing and Child Link update | vic.gov.au,archive/gov/vic-gov/pages/early-childhood-update-february-2026/information-sharing-and-child-link-update/current.html,8f6acbf1637ebcb6ecee41370de3cb3affe7cad80044e065bd416c7347875086,2026-09-04T10:38:30Z,2026-10-08T07:31:02Z,active,sitemap/link
https://www.vic.gov.au/early-childhood-update-february-2026/kinder-kits-are-here-2026,Kinder Kits are here for 2026! | vic.gov.au,archive/gov/vic-gov/pages/early-childhood-update-february-2026/kinder-kits-are-here-2026/current.html,b2c0253ba93c702cb5da5a9246296ce0331f1e328e43dfef04aca70b31f52393,2026-09-04T10:38:30Z,2026-10-08T07:31:02Z,active,sitemap/link
https://www.vic.gov.au/early-childhood-update-february-2026/new-regulatory-authority-early-childhood-education,A new regulatory authority for early childhood education | vic.gov.au,archive/gov/vic-gov/pages/early-childhood-update-february-2026/new-regulatory-authority-early-childhood-education/current.html,6dc6b3e29a3cf20fb5c40503f538b95d47fa0982020e99a8f3cd478c3178f144,2026-09-04T10:38:30Z,2026-10-08T07:31:02Z,active,sitemap/link
https://www.vic.gov.au/early-childhood-update-february-2026/preparing-pre-prep,Preparing for Pre-Prep | vic.gov.au,archive/gov/vic-gov/pages/early-childhood-update-february-2026/preparing-pre-prep/current.html,e0fda57a432e7ec9e7fd2620390858b8244900e5de04b2a898c0cd68ac1ae03d,2026-09-04T10:38:30Z,2026-10-08T07:31:02Z,active,sitemap/link
https://www.vic.gov.au/early-childhood-update-february-2026/staying-safe-and-well-during-fire-danger-days-and-extreme-heat,Staying safe and well during fire danger days and extreme heat | vic.gov.au,archive/gov/vic-gov/pages/early-childhood-update-february-2026/staying-safe-and-well-during-fire-danger-days-and-extreme-heat/current.html,0d6851c33a5525f010b16716e4fa41f13e6e28fdd101e9e4204fbd675ad6fb23,2026-09-04T10:38:30Z,2026-10-08T07:31:02Z,active,sitemap/link
https://www.vic.gov.au/early-childhood-update-february-2026/supporting-services-create-inclusive-environment,Supporting services to create an inclusive environment | vic.gov.au,archive/gov/vic-gov/pages/early-childhood-update-february-2026/supporting-services-create-inclusive-environment/current.html,205c864657851f8c1edfad916ff5ff8b5856c72942d8c9f9b3bd9b1d298d95a0,2026-09-04T10:38:30Z,2026-10-08T07:31:02Z,active,sitemap/link
https://www.vic.gov.au/early-childhood-update-february-2026/welcome-new-year-learning,Welcome to a new year of learning | vic.gov.au,archive/gov/vic-gov/pages/early-childhood-update-february-2026/welcome-new-year-learning/current.html,47d12ee7cf1d58248dbf1227299634d335760db9f0cd42bf54de50bc161ad7d1,2026-09-04T10:38:30Z,2026-10-08T07:31:02Z,active,sitemap/link
https://www.vic.gov.au/early-childhood-update-february-2026/welcome-to-2026,Welcome to 2026 | vic.gov.au,archive/gov/vic-gov/pages/early-childhood-update-february-2026/welcome-to-2026/current.html,a2f1568e5cb1b2999b70ea7d121d5ed47166758e0cc6f6ccd2a1371357d903c4,2026-09-04T10:38:30Z,2026-10-08T07:31:02Z,active,sitemap/link
https://www.vic.gov.au/early-childhood-update-july-2024,Early Childhood Update - July 2024 | vic.gov.au,archive/gov/vic-gov/pages/early-childhood-update-july-2024/current.html,b5e85d29990b5ba6bba2f096bef6804d94699f3b828148b084be80256dffb08a,2026-09-04T10:38:30Z,2026-10-08T07:31:02Z,active,sitemap/link
https://www.vic.gov.au/early-childhood-update-july-2024/complying-australias-foreign-relations-act,Complying with Australia’s Foreign Relations Act | vic.gov.au,archive/gov/vic-gov/pages/early-childhood-update-july-2024/complying-australias-foreign-relations-act/current.html,1aa3e8ec8f8c8894eda25a5ffaafe35ab56e6574c642548553dc7ed81a232dbd,2026-09-04T10:38:30Z,2026-10-08T07:31:02Z,active,sitemap/link
https://www.vic.gov.au/early-childhood-update-july-2024/professional-development-all-career-stages,Professional development for all career stages | vic.gov.au,archive/gov/vic-gov/pages/early-childhood-update-july-2024/professional-development-all-career-stages/current.html,a28fce58d2acb5aa9955a882a5577e307f7f1d7f6504de7c92a2fa40ff9cd823,2026-09-04T10:38:30Z,2026-10-08T07:31:02Z,active,sitemap/link
https://www.vic.gov.au/early-childhood-update-july-2024/reconciliation-symposium-focuses-improving-outcomes-children,Reconciliation Symposium focuses on improving outcomes for children | vic.gov.au,archive/gov/vic-gov/pages/early-childhood-update-july-2024/reconciliation-symposium-focuses-improving-outcomes-children/current.html,cd8f078f457d05dcd8d796eabb3c372db5ac4452fb14544c03236b92f6cf9eca,2026-09-04T10:38:30Z,2026-10-08T07:31:02Z,active,sitemap/link
https://www.vic.gov.au/early-childhood-update-july-2024/reflecting-year-so-far,Reflecting on the year so far | vic.gov.au,archive/gov/vic-gov/pages/early-childhood-update-july-2024/reflecting-year-so-far/current.html,368738ff6888a4275d1514259059970b2c13bce2df0036c9fc3346898ec17b01,2026-09-04T10:38:30Z,2026-10-08T07:31:02Z,active,sitemap/link
https://www.vic.gov.au/early-childhood-update-july-2024/victorian-school-design-awards-nominations-open,Victorian School Design Awards nominations open | vic.gov.au,archive/gov/vic-gov/pages/early-childhood-update-july-2024/victorian-school-design-awards-nominations-open/current.html,5d10f7e5dccb9d65469559f6891e29cbadb85958951346ff1d1565fa238bf1d1,2026-09-04T10:38:30Z,2026-10-08T07:31:02Z,active,sitemap/link
https://www.vic.gov.au/early-childhood-update-july-2024/what-you-need-know-about-pre-prep-2025-and-beyond,What you need to know about Pre-Prep in 2025 and beyond | vic.gov.au,archive/gov/vic-gov/pages/early-childhood-update-july-2024/what-you-need-know-about-pre-prep-2025-and-beyond/current.html,7f8d37171e724dca2f24ea8dbfb197a49dfff319c477b34f99f37a561b396bc4,2026-09-04T10:38:30Z,2026-10-08T07:31:02Z,active,sitemap/link
https://www.vic.gov.au/early-childhood-update-july-2025,Early Childhood Update - July 2025 | vic.gov.au,archive/gov/vic-gov/pages/early-childhood-update-july-2025/current.html,7799727422cba9702d13647a3288e289c7805dc2fc707c4ea1cd4ba7c7161860,2026-09-04T10:38:30Z,2026-10-08T07:31:02Z,active,sitemap/link
https://www.vic.gov.au/early-childhood-update-july-2025/arrival-kindergarten-attendance-data-collection,Arrival – kindergarten attendance data collection | vic.gov.au,archive/gov/vic-gov/pages/early-childhood-update-july-2025/arrival-kindergarten-attendance-data-collection/current.html,923d12b92b1e574ae24a528ec5cd9e0c9124fc0ea8e52c6059fa2cb76eb2243c,2026-09-04T10:38:30Z,2026-10-08T07:31:02Z,active,sitemap/link
https://www.vic.gov.au/early-childhood-update-july-2025/building-cultural-understanding-through-yarning-networks,Building cultural understanding through yarning networks | vic.gov.au,archive/gov/vic-gov/pages/early-childhood-update-july-2025/building-cultural-understanding-through-yarning-networks/current.html,ebf9ff2981420f761e369dec131d500de845cf7d282e3990aa4f4ef7266ea0c6,2026-09-04T10:38:30Z,2026-10-08T07:31:02Z,active,sitemap/link
https://www.vic.gov.au/early-childhood-update-july-2025/complying-australias-foreign-relations-act,Complying with Australia’s Foreign Relations Act | vic.gov.au,archive/gov/vic-gov/pages/early-childhood-update-july-2025/complying-australias-foreign-relations-act/current.html,a6f96fbf2d98ac590035e2ca4f420013341dbd7790aec6f75f8801e7878fde0a,2026-09-04T10:38:30Z,2026-10-08T07:31:02Z,active,sitemap/link
https://www.vic.gov.au/early-childhood-update-july-2025/helping-children-priority-groups-access-more-hours-kindergarten,Helping children from priority groups access more hours of kindergarten | vic.gov.au,archive/gov/vic-gov/pages/early-childhood-update-july-2025/helping-children-priority-groups-access-more-hours-kindergarten/current.html,d28d9da45bc36bc843a2dea0f8bb4fdd2249f6d7aef68145f3e075b06e23ee52,2026-09-04T10:38:30Z,2026-10-08T07:31:02Z,active,sitemap/link
https://www.vic.gov.au/early-childhood-update-july-2025/helping-multicultural-families-access-kindergarten,Helping multicultural families access kindergarten | vic.gov.au,archive/gov/vic-gov/pages/early-childhood-update-july-2025/helping-multicultural-families-access-kindergarten/current.html,7610bc6a4885f354ac1fccd0db69eb1ea3b6bfd5ec93b23df29df893d692e7f7,2026-09-04T10:38:30Z,2026-10-08T07:31:02Z,active,sitemap/link
https://www.vic.gov.au/early-childhood-update-july-2025/looking-back-year-so-far,A challenging time for the early childhood sector | vic.gov.au,archive/gov/vic-gov/pages/early-childhood-update-july-2025/looking-back-year-so-far/current.html,f1cdb79ade694746dd2b67150769dba908e40f86b396d4a5a74cfa2007edcd13,2026-09-04T10:38:30Z,2026-10-08T07:31:02Z,active,sitemap/link
https://www.vic.gov.au/early-childhood-update-july-2025/naidoc-week-2025,NAIDOC Week 2025 | vic.gov.au,archive/gov/vic-gov/pages/early-childhood-update-july-2025/naidoc-week-2025/current.html,0460778160eed0ebe5009a176f903833cff16af387644187687e4dc9ba21bfdf,2026-09-04T10:38:30Z,2026-10-08T07:31:02Z,active,sitemap/link
https://www.vic.gov.au/early-childhood-update-july-2025/national-aboriginal-and-torres-strait-islander-childrens-day,National Aboriginal and Torres Strait Islander Children’s Day | vic.gov.au,archive/gov/vic-gov/pages/early-childhood-update-july-2025/national-aboriginal-and-torres-strait-islander-childrens-day/current.html,55ba5344f2add22ab025e2710848ff890ac425ececaf0f5d926c2da07266af6a,2026-09-04T10:38:30Z,2026-10-08T07:31:02Z,active,sitemap/link
https://www.vic.gov.au/early-childhood-update-july-2025/no-jab-no-play-legislation,No Jab No Play legislation | vic.gov.au,archive/gov/vic-gov/pages/early-childhood-update-july-2025/no-jab-no-play-legislation/current.html,ae83d81d7f03e52829d9701f7afd1b8d430b39fadaa6bf0775e54eaf604b97b7,2026-09-04T10:38:30Z,2026-10-08T07:31:02Z,active,sitemap/link
https://www.vic.gov.au/early-childhood-update-july-2025/supporting-first-nations-students-studying-early-childhood-education,Supporting First Nations students studying early childhood education | vic.gov.au,archive/gov/vic-gov/pages/early-childhood-update-july-2025/supporting-first-nations-students-studying-early-childhood-education/current.html,ec6641a532dd20d58cc16c4ce7bb3e2f9cf4ccaa385f1aeae76144aea0c54aa5,2026-09-04T10:38:30Z,2026-10-08T07:31:02Z,active,sitemap/link
https://www.vic.gov.au/early-childhood-update-july-2026,Early Childhood Update - July 2026 | vic.gov.au,archive/gov/vic-gov/pages/early-childhood-update-july-2026/current.html,bce50d958f7f96173a1f008abe350b817e2ea70445db5118cfd95b73816e79a3,2026-09-04T10:38:30Z,2026-10-08T07:31:02Z,active,sitemap/link
https://www.vic.gov.au/early-childhood-update-july-2026/applications-open-bush-kinder-grants-program,Applications open for Bush Kinder Grants Program | vic.gov.au,archive/gov/vic-gov/pages/early-childhood-update-july-2026/applications-open-bush-kinder-grants-program/current.html,c7a7df01deefb876103b1f3b4856a4ba6202647a30680162e97f3c29bb2b6bb7,2026-09-04T10:38:30Z,2026-10-08T07:31:02Z,active,sitemap/link
